id,tcEventId,title,slug,city,citySlug,category,source,priceFrom,isActive,address,lastSyncAt,createdAt
10568a99-cab2-4f5d-a7ff-c5b2e0b62d78,698853c12626cca5f26b2fe7,Салют 9 мая 2026 года с воды,salyut-9-maya-2026-goda-s-vody,Санкт-Петербург,saint-petersburg,EXCURSION,TC,300000,true,набережная Фонтанки д. 53,2026-02-19T11:24:42.189Z,2026-02-10T18:24:48.223Z
d2fa9454-198e-4025-8866-20deca4e1908,6984e908ae2ea8b105eef4bb,«САУНДТРЕКИ: ВСПОМНИТЬ ВСЁ»,saundtreki-vspomnit-vsyo,Москва,moscow,EVENT,TC,120000,true,"Москва, ул. Николоямская, д.1",2026-02-19T11:24:42.148Z,2026-02-10T18:24:08.740Z
49396ef0-d298-41df-a03a-529fb93854d2,695cb571916cb86ad2b6ba6d,«Ананасы в шампанском»,ananasy-v-shampanskom,Москва,moscow,EVENT,TC,150000,true,"Тверская ул., 3, Москва, Россия, 125009",2026-02-19T11:24:42.097Z,2026-02-10T18:24:04.255Z
86e734a8-8ca1-4760-b4d2-322545021d6a,6988d869ae8bcdd90b7f3908,Евдокия Малевская - Мастер-класс по чтению стихотворений и монологов,evdokiya-malevskaya-master-klass-po-chteniyu-stihotvorenij-i-monologov,Санкт-Петербург,saint-petersburg,EVENT,TC,70000,false,"8-я Красноармейская дом 10, офис 40",2026-02-19T11:24:42.063Z,2026-02-12T01:30:35.578Z
fa4bfbfa-f2cd-4701-a031-c447e155f694,68ca5f4ffb4d0e7ba6ab7f5c,Антоха МС | 03.04 | Свобода (Пермь),antoha-ms-03-04-svoboda-perm,Пермь,perm,EVENT,TC,220000,true,ул. Краснофлотская 15А,2026-02-19T11:24:41.995Z,2026-02-10T18:24:36.814Z
290f2dcc-f787-4563-8f1d-30f1b6a16592,69413308c9ec3d69c528fca6,Мировые рок-хиты в сиянии тысячи свечей,mirovye-rok-hity-v-siyanii-tysyachi-svechej-c528fca6,Екатеринбург,ekaterinburg,EVENT,TC,179000,false,"Челюскинцев, 102",2026-02-19T11:24:41.949Z,2026-02-19T11:24:41.951Z
fd0cd466-b215-4b21-8ffc-48c463ac3074,69414b0ee9d5cbc07176756d,Мировые рок-хиты в сиянии тысячи свечей,mirovye-rok-hity-v-siyanii-tysyachi-svechej-dfccb461,Казань,kazan,EVENT,TC,139000,false,Копылова 2а,2026-02-19T11:24:41.895Z,2026-02-19T11:24:41.847Z
dcd448e5-6905-430a-9e01-8abc51cfe106,69439b97828eaddd7351d081,Ханс Циммер и Людовико Эйнауди: двойной концерт в сиянии тысячи свечей,hans-tsimmer-i-lyudoviko-ejnaudi-dvojnoj-kontsert-v-siyanii-tysyachi-svechej,Оренбург,orenburg,EVENT,TC,179000,false,"ул. Чкалова, 1, Оренбург, Оренбургская обл., Россия, 460001",2026-02-19T11:24:41.798Z,2026-02-19T11:24:41.800Z
3b333100-efd0-4b7d-b2a0-24f40eff6eae,6943d6ab6cb9a5c4449f0514,Музыка КИНОшедевров в сиянии тысячи свечей,muzyka-kinoshedevrov-v-siyanii-tysyachi-svechej-449f0514,Балашиха,balashiha,EVENT,TC,149000,false,"ул. 1-го Мая, д.11в",2026-02-19T11:24:41.747Z,2026-02-19T11:24:41.749Z
75fefcda-3fa7-4a47-91e2-0bff15324137,6943f5f1a65b035944063a49,Музыка КИНОшедевров в сиянии тысячи свечей,muzyka-kinoshedevrov-v-siyanii-tysyachi-svechej-44063a49,Нефтекамск,neftekamsk,EVENT,TC,149000,false,ул. Ленина 9,2026-02-19T11:24:41.693Z,2026-02-19T11:24:41.695Z
3816c160-ab45-4578-93eb-1908cf893e3f,69493f657c34c2e7bf5224f0,Музыка Киношедевров в сиянии тысячи свечей,muzyka-kinoshedevrov-v-siyanii-tysyachi-svechej-bf5224f0,Рязань,ryazan,EVENT,TC,159000,false,"улица Костычева, 1",2026-02-19T11:24:41.635Z,2026-02-19T11:24:41.637Z
a0f382a5-a37a-4d01-bd0c-a8e77c387432,694be284b7c6607d16822cab,Мировые рок-хиты в сиянии тысячи свечей,mirovye-rok-hity-v-siyanii-tysyachi-svechej-16822cab,Самара,samara,EVENT,TC,139000,false,"ул. Шостаковича, д.7",2026-02-19T11:24:41.572Z,2026-02-19T11:24:41.574Z
8deb0f00-fbd1-49d2-b5b1-fc8f99c163c0,69523e520e06c8b9ef93816b,Музыка КИНОшедевров в сиянии тысячи свечей,muzyka-kinoshedevrov-v-siyanii-tysyachi-svechej-ef93816b,Электросталь,elektrostal,EVENT,TC,149000,false,"Улица Карла Маркса, 9",2026-02-19T11:24:41.515Z,2026-02-19T11:24:41.516Z
cc08ea8c-82b1-4ff1-9e66-8ceef5b9f92b,6952685cf3864c7e7b1c54e4,Мировые рок-хиты в сиянии тысячи свечей,mirovye-rok-hity-v-siyanii-tysyachi-svechej-7b1c54e4,Вологда,vologda,EVENT,TC,119000,false,"ул. Ленинградская, 89",2026-02-19T11:24:41.456Z,2026-02-19T11:24:41.458Z
bb8ec435-1406-4718-a4d0-2fdedd8074f4,693fd34c8c1e960536604a6f,Мировые рок-хиты в сиянии тысячи свечей,mirovye-rok-hity-v-siyanii-tysyachi-svechej-36604a6f,Димитровград,dimitrovgrad,EVENT,TC,159000,true,"проспект Ленина, 17",2026-02-19T11:24:41.405Z,2026-02-10T18:24:00.267Z
377b90af-cade-4485-8c9b-cb329225dd13,693fdb0a5954c42bdce64ca0,Музыка КИНОшедевров в сиянии тысячи свечей,muzyka-kinoshedevrov-v-siyanii-tysyachi-svechej-dce64ca0,Реутов,reutov,EVENT,TC,139000,true,"МО, г. Реутов, улица Победы, д.20.",2026-02-19T11:24:41.361Z,2026-02-10T18:24:40.203Z
d222fe2a-f999-4976-bcd9-2d4fafe25d0f,694274147d2412dac05bb452,Музыка советского кино в сиянии тысячи свечей,muzyka-sovetskogo-kino-v-siyanii-tysyachi-svechej-c05bb452,Тула,tula,EVENT,TC,139000,true,ул. Демидовская д.52,2026-02-19T11:24:41.332Z,2026-02-10T18:24:44.062Z
92c30dc7-a967-408c-ac8e-aa2d9f3204dc,6942932b279b72a34ce00c0d,Музыка КИНОшедевров в сиянии тысячи свечей,muzyka-kinoshedevrov-v-siyanii-tysyachi-svechej-4ce00c0d,Коломна,kolomna,EVENT,TC,159000,true,"ул. Октябрьской революции, 324",2026-02-19T11:24:41.289Z,2026-02-10T18:24:31.891Z
ce8672d0-aec1-4368-9c2d-f5ca4acfa379,6942a4fb03850387f8a90ca2,Музыка КИНОшедевров в сиянии тысячи свечей,muzyka-kinoshedevrov-v-siyanii-tysyachi-svechej-f8a90ca2,Стерлитамак,sterlitamak,EVENT,TC,119000,true,проспект Октября 35,2026-02-19T11:24:41.244Z,2026-02-10T18:24:23.183Z
4789d344-fa8a-429a-9ebe-41a9a6974465,6943af89360230e7be901b87,Музыка КИНОшедевров в сиянии тысячи свечей,muzyka-kinoshedevrov-v-siyanii-tysyachi-svechej-be901b87,Королёв,korolyov,EVENT,TC,149000,true,"ул. Терешковой, д.1",2026-02-19T11:24:41.200Z,2026-02-10T18:24:47.876Z
2e5794d4-8e48-4948-a0cb-f4397ee4e6c7,6943e427ff2e24ebea355e44,Музыка советского кино в сиянии тысячи свечей,muzyka-sovetskogo-kino-v-siyanii-tysyachi-svechej-ea355e44,Балашиха,balashiha,EVENT,TC,149000,true,"ул. 1-го Мая, д.11в",2026-02-19T11:24:41.174Z,2026-02-10T18:24:40.860Z
db32c236-3d9b-4155-bfec-6ac856f40785,69450e0b1f891d0cd6157a28,Музыка советского кино в сиянии тысячи свечей,muzyka-sovetskogo-kino-v-siyanii-tysyachi-svechej-d6157a28,Северодвинск,severodvinsk,EVENT,TC,199000,true,"ул. Бойчука, 2",2026-02-19T11:24:41.145Z,2026-02-10T18:24:39.688Z
82139e32-56a0-4f3e-a620-9e35ad2a6062,694a5ea802429d390d4c58d1,Музыка КИНОшедевров в сиянии тысячи свечей,muzyka-kinoshedevrov-v-siyanii-tysyachi-svechej-0d4c58d1,Киров (Кировская область),kirov-kirovskaya-oblast,EVENT,TC,159000,true,ул. Ленина 102б,2026-02-19T11:24:41.098Z,2026-02-10T18:24:07.581Z
c40665f1-9009-41a0-8e4c-0582d9b40a35,694bc9649d94f554c81b5318,Музыка Киношедевров в сиянии тысячи свечей,muzyka-kinoshedevrov-v-siyanii-tysyachi-svechej-c81b5318,Тюмень,tyumen,EVENT,TC,199000,true,"ул. Первомайская, 55",2026-02-19T11:24:41.056Z,2026-02-10T18:24:48.336Z
983389da-c90d-4029-98cb-9bf04b6be783,694ceba92de92808ab8aa477,Музыка советского кино в сиянии тысячи свечей,muzyka-sovetskogo-kino-v-siyanii-tysyachi-svechej,Ковров,kovrov,EVENT,TC,199000,true,ул. Подлесная д. 1,2026-02-19T11:24:41.029Z,2026-02-10T18:24:31.158Z
56ec84a9-23e7-45ca-96ce-f131a3fd02f4,694cfa92276b43db3931dbca,Мировые рок-хиты в сиянии тысячи свечей,mirovye-rok-hity-v-siyanii-tysyachi-svechej-3931dbca,Иваново,ivanovo,EVENT,TC,139000,true,"пр-кт Ленина, д. 114",2026-02-19T11:24:40.982Z,2026-02-10T18:24:48.514Z
25b17c38-d6bd-4e44-bd43-4077aed0f38c,694d0c6ed32c8044765392ee,Музыка КИНОшедевров в сиянии тысячи свечей,muzyka-kinoshedevrov-v-siyanii-tysyachi-svechej-765392ee,Серпухов,serpuhov,EVENT,TC,119000,true,"ул. Физкультурная, 16",2026-02-19T11:24:40.952Z,2026-02-10T18:24:11.888Z
21c812bb-1706-4f27-a837-6d2606804a2c,6952368a97da855d147d868a,Мировые рок-хиты в сиянии тысячи свечей,mirovye-rok-hity-v-siyanii-tysyachi-svechej-147d868a,Арзамас,arzamas,EVENT,TC,159000,true,"Калинина, 19",2026-02-19T11:24:40.908Z,2026-02-10T18:24:08.631Z
9318afac-f885-4ea4-a787-dd4d2b9b91c3,6952678e2de191460052a216,Мировые рок-хиты в сиянии тысячи свечей,mirovye-rok-hity-v-siyanii-tysyachi-svechej-0052a216,Киров (Кировская область),kirov-kirovskaya-oblast,EVENT,TC,139000,true,Улица Гайдара 3,2026-02-19T11:24:40.859Z,2026-02-10T18:24:27.253Z
9f8c4ed0-fbae-4db8-8197-b6f69a8e2ef3,6952759fc2026f314b4ed788,Мировые рок-хиты в сиянии тысячи свечей,mirovye-rok-hity-v-siyanii-tysyachi-svechej-4b4ed788,Нижний Новгород,nizhnij-novgorod,EVENT,TC,150000,true,"Юбилейный б-р, д. 32",2026-02-19T11:24:40.817Z,2026-02-10T18:24:09.604Z
aa80e993-ae67-4512-af53-da52087293f2,6981c6792dde384fb332ff40,Мировые рок-хиты в сиянии тысячи свечей,mirovye-rok-hity-v-siyanii-tysyachi-svechej-b332ff40,Архангельск,arhangelsk,EVENT,TC,139000,true,улица Папанина 25,2026-02-19T11:24:40.769Z,2026-02-10T18:24:15.423Z
f2a7619a-adbe-43b6-a0a6-802b84bd90ce,6964b49c4f03a678e2aa12d5,Путешествие в Матрешкино! Масленичный праздник для малышей,puteshestvie-v-matreshkino-maslenichnyj-prazdnik-dlya-malyshej,Новосибирск,novosibirsk,EVENT,TC,100000,true,"ул. Ленина, 84, Новосибирск, Новосибирская обл., Россия, 630004",2026-02-19T11:24:40.715Z,2026-02-10T18:24:02.234Z
81b3dac4-4449-463f-ad6c-f396a962c0aa,6964b6cc9a13f9cb664b56dd,Путешествие в Матрешкино Масленичный праздник для малышей,puteshestvie-v-matreshkino-maslenichnyj-prazdnik-dlya-malyshej-664b56dd,Омск,omsk,EVENT,TC,120000,true,"Карла Маркса просп., 24, Омск, Омская обл., Россия, 644042",2026-02-19T11:24:40.544Z,2026-02-10T18:24:02.500Z
0ecfb645-e03d-4ebc-91a6-a6d01cd211b8,6964b787684deb25ad0c56a5,Путешествие в Матрешкино Масленичный праздник для малышей,puteshestvie-v-matreshkino-maslenichnyj-prazdnik-dlya-malyshej-ad0c56a5,Сургут,surgut,EVENT,TC,130000,true,"ул. 30 лет Победы, 46, Сургут, Ханты-Мансийский автономный округ, Россия, 628406",2026-02-19T11:24:40.489Z,2026-02-10T18:24:02.583Z
04150609-710f-42c2-ae68-374046d6add4,6964ba69e639aebdf47209e4,Путешествие в Матрешкино! Масленичный праздник для малышей,puteshestvie-v-matreshkino-maslenichnyj-prazdnik-dlya-malyshej-f47209e4,Красноярск,krasnoyarsk,EVENT,TC,120000,true,"ул. Белинского, д.8, Красноярск, Красноярский край, Россия, 660032",2026-02-19T11:24:40.436Z,2026-02-10T18:24:02.311Z
fb6b2ca8-9f26-43c0-9533-1cf21c8eb29c,6979d9212458857f03912329,ФевроМарт в  Banana Park,fevromart-v-banana-park-03912329,Омск,omsk,EVENT,TC,120000,true,"Карла Маркса просп., 24, Омск, Омская обл., Россия, 644042",2026-02-19T11:24:40.406Z,2026-02-10T18:24:16.798Z
0969ac6a-6190-4d67-8ad8-5b88dbb779e6,6979d9c897e8ec4fb27e7a12,ФевроМарт в Banana Park,fevromart-v-banana-park-b27e7a12,Красноярск,krasnoyarsk,EVENT,TC,120000,true,"ул. Белинского, д.8, Красноярск, Красноярский край, Россия, 660032",2026-02-19T11:24:40.375Z,2026-02-10T18:24:17.092Z
ba7cfac1-11e9-45eb-812f-046fc3478892,6979db00a3e1507c0329e0e4,ФевроМарт в Banana Park,fevromart-v-banana-park,Новосибирск,novosibirsk,EVENT,TC,100000,true,"ул. Ленина, 84, Новосибирск, Новосибирская обл., Россия, 630004",2026-02-19T11:24:40.344Z,2026-02-10T18:24:16.661Z
0d9cc2c1-8efe-4846-a033-d24e7c236b73,6979dca897e8ec4fb27e7e7e,ФевроМарт в Banana Park,fevromart-v-banana-park-b27e7e7e,Сургут,surgut,EVENT,TC,130000,true,"ул. 30 лет Победы, 46, Сургут, Ханты-Мансийский автономный округ, Россия, 628406",2026-02-19T11:24:40.244Z,2026-02-10T18:24:16.850Z
41bdad6c-c8c5-46bd-9da6-f31e273e5c31,69930b2d78f8c938d20bd547,🎤Веселое музыкальное лото,veseloe-muzykalnoe-loto-d20bd547,Санкт-Петербург,saint-petersburg,EVENT,TC,35000,true,"Невский пр., 74-76",2026-02-19T11:24:40.197Z,2026-02-19T10:48:20.043Z
5aa73971-8a71-4f2d-9bfa-44156b59f734,6994e86827c95f22d22db324,🎭PRO standup концерт 30+ МЕДИЙНЫХ комиков,pro-standup-kontsert-30-medijnyh-komikov-d22db324,Санкт-Петербург,saint-petersburg,EVENT,TC,50000,true,Жуковского д.3,2026-02-19T11:24:40.123Z,2026-02-19T10:48:19.952Z
5c4b8c85-0afb-441c-8810-6695506cd7da,696e9bac84deab22f62702a6,"""Марийская дискотека"" 17 октября! Эльфис Гараев, Станислав Устюгов и Сергей Байназов!",marijskaya-diskoteka-17-oktyabrya-elfis-garaev-stanislav-ustyugov-i-sergej-bajna,Нефтекамск,neftekamsk,EVENT,TC,50000,false,Ул.Парковая 12,2026-02-19T11:24:40.077Z,2026-02-19T11:24:40.079Z
3431c8fa-6108-44c4-beaf-0085bd25c379,696ea7ed8e91987745719dbf,МАРИЙСКАЯ ДИСКОТЕКА 20 Февраля,marijskaya-diskoteka-20-fevralya,Нефтекамск,neftekamsk,EVENT,TC,60000,true,Ул.Парковая 12,2026-02-19T11:24:40.020Z,2026-02-10T18:24:03.090Z
15394aac-8378-47f7-b9c4-c40e8f10cac0,696a11071b1d36e0cbc2737a,«Петербургский случай»,peterburgskij-sluchaj,Санкт-Петербург,saint-petersburg,EVENT,TC,90000,true,народная 4а,2026-02-19T11:24:39.989Z,2026-02-10T18:24:05.594Z
9522c27f-bc4e-4e4d-be98-9a1d1e19b3d8,6948181b950ae8746973b2a0,SARA | 3.04 | Питер,sara-3-04-piter,Санкт-Петербург,saint-petersburg,EVENT,TC,110000,true,"Транспортный пер., 10А",2026-02-19T11:24:39.967Z,2026-02-10T18:24:37.003Z
622ff288-b440-4b87-8e59-b5b02eff6ad4,69485c6293e9b402cd69b883,SARA | 4.04 | Москва,sara-4-04-moskva,Москва,moscow,EVENT,TC,150000,true,"ул. Новослободская, 16а",2026-02-19T11:24:39.945Z,2026-02-10T18:24:37.632Z
f9284000-7d6d-4337-9f06-2a7db642dbc4,694885605714c31e433ea1fd,SARA | 5.04 | Нижний Новгород,sara-5-04-nizhnij-novgorod,Нижний Новгород,nizhnij-novgorod,EVENT,TC,110000,true,"Почаинская улица, 21Б",2026-02-19T11:24:39.922Z,2026-02-10T18:24:38.184Z
88412a11-aaf4-4129-897a-1c135150f08e,69491dc95610f586801bed49,SARA | 6.04 | Казань,sara-6-04-kazan,Казань,kazan,EVENT,TC,110000,true,"ул. Кремлевская, 21",2026-02-19T11:24:39.900Z,2026-02-10T18:24:38.719Z
a07ef3c7-5873-4627-a587-6b019b8119d7,694aa5ceda8c3e9bc8b1a2d7,SARA | 11.04 | Омск,sara-11-04-omsk,Омск,omsk,EVENT,TC,110000,true,"Лермонтова, 63",2026-02-19T11:24:39.878Z,2026-02-10T18:24:41.286Z
05b2dd31-14ba-446b-a235-0baae3fc0022,694c9347a36607b616035039,SARA | 12.04 | Новосибирск,sara-12-04-novosibirsk,Новосибирск,novosibirsk,EVENT,TC,110000,true,"ул. Каменская, 55",2026-02-19T11:24:39.847Z,2026-02-10T18:24:41.893Z
a545c682-e41e-4d8f-9b7e-131d6f140140,69656b82e224c2f3e3edd0d2,SARA | 28.03 | Екатеринбург,sara-28-03-ekaterinburg,Екатеринбург,ekaterinburg,EVENT,TC,110000,true,"ул. Шевченко, 9",2026-02-19T11:24:39.817Z,2026-02-10T18:24:33.595Z
8c64a824-10f9-4e58-adf9-02f7934c8f74,6993ae9e5732cfbe248fd01c,SARA | 8.04 | Самара,sara-8-04-samara,Самара,samara,EVENT,TC,110000,true,ул. Куйбышева 128а,2026-02-19T11:24:39.788Z,2026-02-19T10:48:19.639Z
215b47aa-8ef7-46ad-8b1c-8f677d0d22d9,6936f509a338ee3cd60d866b,АННА СЕМЕНОВИЧ СОЛЬНЫЙ КОНЦЕРТ 2 ДЕНЬ,anna-semenovich-solnyj-kontsert-2-den,Набережные Челны,naberezhnye-chelny,EVENT,TC,250000,false,"пр. Сююмбике, 40, Набережные Челны, Респ. Татарстан, Россия, 423826",2026-02-19T11:24:39.732Z,2026-02-10T18:24:05.729Z
3e8edffd-955c-40f1-adb7-512e72966a6a,6936ea19c274ec8fbf8879d4,АННА СЕМЕНОВИЧ СОЛЬНЫЙ КОНЦЕРТ,anna-semenovich-solnyj-kontsert,Набережные Челны,naberezhnye-chelny,EVENT,TC,180000,true,"пр. Сююмбике, 40, Набережные Челны, Респ. Татарстан, Россия, 423826",2026-02-19T11:24:39.677Z,2026-02-10T18:24:04.526Z
a2bb3a7c-d9ad-4e5b-a2ae-0e0f0b333e4e,694a2ebe8dd9d97f9c191e51,АЙДАР ГАЛИМОВ СОЛЬНЫЙ КОНЦЕРТ,ajdar-galimov-solnyj-kontsert,Набережные Челны,naberezhnye-chelny,EVENT,TC,180000,true,"пр. Сююмбике, 40, Набережные Челны, Респ. Татарстан, Россия, 423826",2026-02-19T11:24:39.633Z,2026-02-10T18:24:17.252Z
6de231fa-a5f9-4cc2-ae24-1335e9f0b603,6989ff2127d5b41b5cd54acd,NEXTIME + ДР NEBAR,nextime-dr-nebar,Набережные Челны,naberezhnye-chelny,EVENT,TC,150000,true,"просп. Сююмбике, 40блок3, 7 этаж",2026-02-19T11:24:39.597Z,2026-02-10T18:24:40.341Z
233e9eac-a732-4f51-a6b5-448c67c19be0,698c63e5f3e7e0dc32963a75,Доброе слово,dobroe-slovo,Санкт-Петербург,saint-petersburg,EVENT,TC,70000,true,"Рыбацкий пр., 2",2026-02-19T11:24:39.574Z,2026-02-11T21:01:05.702Z
b5e7bd65-819e-40d1-be79-98cba7f78b23,698a32bd44715da06833cf5f,Квартет Данилы Якименко,kvartet-danily-yakimenko,Москва,moscow,EVENT,TC,100000,true,"Лялин переулок, д. 7/2, c.1",2026-02-19T11:24:39.542Z,2026-02-10T18:24:03.294Z
66841574-e4d8-4ada-b061-409df173dabc,698a34d42db739d932e91c0c,"Дуэт ""Давид Литовченко и Ара Карапетян""",duet-david-litovchenko-i-ara-karapetyan,Москва,moscow,EVENT,TC,100000,true,"Лялин переулок, д. 7/2, c.1",2026-02-19T11:24:39.492Z,2026-02-10T18:24:10.824Z
1e8e62a1-ca70-4237-9527-e998ee4f0993,698a36494f550ed19256aaf8,Hot club de Moscou George Yashagashvili,hot-club-de-moscou-george-yashagashvili,Москва,moscow,EVENT,TC,50000,true,"Лялин переулок, д. 7/2, c.1",2026-02-19T11:24:39.386Z,2026-02-10T18:23:49.689Z
01c46035-4949-402a-a6c4-6e40ace5ce2e,698a39d88d98dd74b28fc6c4,The Limited Quintet,the-limited-quintet,Москва,moscow,EVENT,TC,100000,true,"Лялин переулок, д. 7/2, c.1",2026-02-19T11:24:39.339Z,2026-02-10T18:24:04.688Z
e43cae57-973a-4f53-be14-947087d77a96,6994ae1a989bc8f788fc0a0d,Джаз-клуб попечителей,dzhaz-klub-popechitelej,Москва,moscow,EVENT,TC,1000000,true,"Лялин переулок, д. 7/2, c.1",2026-02-19T11:24:39.263Z,2026-02-19T10:48:19.164Z
e468b449-414a-48dd-8756-efcbb9de4e01,6991b233784c284807fc3d31,Пробуждение,probuzhdenie,Петропавловск-Камчатский,petropavlovsk-kamchatskij,EVENT,TC,100000,true,"ул. Озерновская Коса, 11",2026-02-19T11:24:39.200Z,2026-02-19T10:48:19.094Z
a9db3f41-524c-4c65-8e51-22c67f0891ac,68ed65c2f3a568599a0b594d,"Комедия для всех кто родился и вырос в 90-х ""Страна возможно"", гастроли из Санкт-Петербурга",komediya-dlya-vseh-kto-rodilsya-i-vyros-v-90-h-strana-vozmozhno-gastro-28178486,Ярославль,yaroslavl,EVENT,TC,135000,true,"проспект Ленина, 27",2026-02-19T11:24:39.114Z,2026-02-10T18:24:33.855Z
4f70ed83-ddf8-426a-b24b-61cd8038b5f7,68ed747e8873f2c174cc1e40,"Комедия для всех кто родился и вырос в 90-х ""Страна возможно"", гастроли из Санкт-Петербурга",komediya-dlya-vseh-kto-rodilsya-i-vyros-v-90-h-strana-vozmozhno-gastroli-iz-sank,Иваново,ivanovo,EVENT,TC,120000,true,"пр-кт Ленина, д. 114",2026-02-19T11:24:39.027Z,2026-02-10T18:24:33.052Z
bf0c1964-e991-433a-845b-a899fbcbd77d,6936b5e0ec13152f95a8e828,"Музыкальная комедия ""Монологи Богини"", гастроли из Санкт-Петербурга",muzykalnaya-komediya-monologi-bogini-gastroli-iz-sankt-peterburga,Петрозаводск,petrozavodsk,EVENT,TC,130000,true,"наб. Варкауса, 11",2026-02-19T11:24:38.884Z,2026-02-10T18:24:11.835Z
6baa450e-543a-4401-892d-bf4a00421db2,6936d216fff8b918d48d1ff9,"Светлая комедия""Страна возможно"" для тех кто вырос в 90-е. Гастроли из Санкт-Петербурга",svetlaya-komediya-strana-vozmozhno-dlya-teh-kto-vyros-v-90-e-gastroli-iz-sankt-p,Великий Новгород,velikij-novgorod,EVENT,TC,160000,true,"ул. Большая Московская, 37/9, Великий Новгород, Новгородская обл., Россия, 173004",2026-02-19T11:24:38.797Z,2026-02-10T18:24:04.202Z
420b7e25-d7f4-43f7-be71-18e160487039,6978950227a1ab1801cbf0e2,"Спектакль для детей и родителей ""Цирк, да и только!""(гастроли из Санкт-Петербурга)",spektakl-dlya-detej-i-roditelej-tsirk-da-i-tolko-gastroli-iz-sankt-peterburga,Великий Новгород,velikij-novgorod,EVENT,TC,50000,true,"ул. Большая Московская, 37/9, Великий Новгород, Новгородская обл., Россия, 173004",2026-02-19T11:24:38.729Z,2026-02-10T18:24:12.489Z
5d60d068-b567-4101-8042-785e149179cc,6986a7270fcab0bba017db19,"Музыкальная комедия ""Новая Помада"", гастроли из Санкт-Петербурга",muzykalnaya-komediya-novaya-pomada-gastroli-iz-sankt-peterburga,Тула,tula,EVENT,TC,170000,true,"ул. Советская, 2",2026-02-19T11:24:38.350Z,2026-02-10T18:24:42.079Z
1dd78707-0451-41e3-b5b3-36215dc4a7b3,69935f7c9f4138283debb415,"Комедийный спектакль ""Подружайки"" от театра ""Лицедеи"", гастроли из Санкт-Петербурга",komedijnyj-spektakl-podruzhajki-ot-teatra-litsedei-gastroli-iz-sankt-peterburga,Ярославль,yaroslavl,EVENT,TC,110000,true,"проспект Ленина, 27",2026-02-19T11:24:38.283Z,2026-02-19T10:48:18.186Z
00040a35-fdeb-476c-aa27-959365caf55a,68e8e4b10a6bf33b5bd6f700,FRANK SINATRA Tribute в исполнении Сергея Ермакова,frank-sinatra-tribute-v-ispolnenii-sergeya-ermakova-5bd6f700,Кемерово,kemerovo,EVENT,TC,60000,true,"Бульвар Строителей, 54а",2026-02-19T11:24:38.240Z,2026-02-10T18:24:03.862Z
716260c7-f2e4-4c2f-a2df-73e483d10166,68e8e7ead9fccef908a6c27d,FRANK SINATRA Tribute в исполнении Сергея Ермакова,frank-sinatra-tribute-v-ispolnenii-sergeya-ermakova,Томск,tomsk,EVENT,TC,80000,true,"ул. Карла Маркса, 23 А",2026-02-19T11:24:38.182Z,2026-02-10T18:24:02.525Z
60d89864-ffad-4969-a60c-1877695b287b,68f91517b243d3e5e316246b,"Шоу Иллюзионистов ""Никаких Секретов""",shou-illyuzionistov-nikakih-sekretov-e316246b,Томск,tomsk,EVENT,TC,100000,true,"пр. Ленина, 36",2026-02-19T11:24:38.102Z,2026-02-10T18:24:18.802Z
11f7f712-c4c4-4c81-b812-ae9fc6e789cb,68f917dc529178cea4c23d65,"Шоу Иллюзионистов ""Никаких Секретов""",shou-illyuzionistov-nikakih-sekretov-a4c23d65,Междуреченск,mezhdurechensk,EVENT,TC,100000,true,"Весенняя улица, 9",2026-02-19T11:24:38.021Z,2026-02-10T18:24:19.727Z
29e851bc-f189-4c27-9f10-793fcc6c9823,6906fc295df488958a8c255e,J.Seven Israel «Шедевры романтической саксофонной музыки»,j-seven-israel-shedevry-romanticheskoj-saksofonnoj-muzyki-8a8c255e,Новосибирск,novosibirsk,EVENT,TC,100000,true,"ул. Крылова, 31",2026-02-19T11:24:37.949Z,2026-02-10T18:24:01.174Z
ee69f050-41ac-4e8b-9862-d60dfc1c4cfe,6907001b438727c5813828c1,J.Seven Israel «Шедевры романтической саксофонной музыки»,j-seven-israel-shedevry-romanticheskoj-saksofonnoj-muzyki-813828c1,Кемерово,kemerovo,EVENT,TC,100000,true,"Бульвар Строителей, 54а",2026-02-19T11:24:37.884Z,2026-02-10T18:24:05.253Z
c830c7ef-21e0-46a9-bd54-73273a4d13dc,690702355df488958a8c2b8b,J.Seven Israel «Шедевры романтической саксофонной музыки»,j-seven-israel-shedevry-romanticheskoj-saksofonnoj-muzyki-8a8c2b8b,Томск,tomsk,EVENT,TC,100000,true,"ул. Карла Маркса, 23 А",2026-02-19T11:24:37.805Z,2026-02-10T18:24:06.319Z
97a5ac99-33b2-4179-b8ec-c701788a4a06,69144073fb0bca1678233228,"Шоу Иллюзионистов ""Никаких Секретов""",shou-illyuzionistov-nikakih-sekretov,Новокузнецк,novokuznetsk,EVENT,TC,100000,true,"улица Ленина, 41",2026-02-19T11:24:37.712Z,2026-02-10T18:24:17.841Z
64208557-4ad8-43c6-bbc4-f501598341ff,691dc14582fab5bf2b807c48,Константин Лем,konstantin-lem,Новосибирск,novosibirsk,EVENT,TC,100000,true,"ул. Крылова, 31",2026-02-19T11:24:37.672Z,2026-02-10T18:24:19.754Z
dffac326-b821-407f-829c-e2d64de9c5d4,691dc2de51b4096a77c0904b,Константин Лем,konstantin-lem-77c0904b,Омск,omsk,EVENT,TC,100000,true,"Карла Маркса просп., 18",2026-02-19T11:24:37.604Z,2026-02-10T18:24:20.557Z
5873a1c1-a381-4755-8f74-8de58b27b0b1,691dd7da79b020772ca81a23,Константин Лем,konstantin-lem-2ca81a23,Екатеринбург,ekaterinburg,EVENT,TC,100000,true,Народной воли 65,2026-02-19T11:24:37.568Z,2026-02-10T18:24:21.654Z
a3c82a04-3245-48b5-9dd2-7aed91bdb5f5,691ddabd79b020772ca82880,Константин Лем,konstantin-lem-2ca82880,Челябинск,chelyabinsk,EVENT,TC,80000,true,ул.Труда 179,2026-02-19T11:24:37.528Z,2026-02-10T18:24:22.469Z
a82dc1e5-3c7b-492b-a868-c9ce4ce0b926,691f3e5ea7b8dc3a2c71ce14,Syntheticsax - Мировые хиты на саксофоне,syntheticsax-mirovye-hity-na-saksofone,Барнаул,barnaul,EVENT,TC,80000,true,"площадь Победы, 3",2026-02-19T11:24:37.467Z,2026-02-10T18:24:21.434Z
13f6578b-1108-4882-a126-dd574c64d205,691f40009512fe6bdd9f29b3,Syntheticsax - Мировые хиты на саксофоне,syntheticsax-mirovye-hity-na-saksofone-dd9f29b3,Новосибирск,novosibirsk,EVENT,TC,100000,true,"ул. Крылова, 31",2026-02-19T11:24:37.402Z,2026-02-10T18:24:22.271Z
de8622ee-64fc-4006-afa0-8bfb6a150814,691f428c4030f53055da1172,Syntheticsax - Мировые хиты на саксофоне,syntheticsax-mirovye-hity-na-saksofone-55da1172,Томск,tomsk,EVENT,TC,100000,true,"ул. Карла Маркса, 23 А",2026-02-19T11:24:37.328Z,2026-02-10T18:24:23.095Z
4cf23b7f-b55a-4cac-9da7-a6d293abc008,691f442bb1fa297113b004b0,Syntheticsax - Мировые хиты на саксофоне,syntheticsax-mirovye-hity-na-saksofone-13b004b0,Кемерово,kemerovo,EVENT,TC,100000,true,"Бульвар Строителей, 54а",2026-02-19T11:24:37.268Z,2026-02-10T18:24:23.942Z
1f528913-c876-483b-a7be-42fa411afabe,691f45ecc8eed028d4c97600,Syntheticsax - Мировые хиты на саксофоне,syntheticsax-mirovye-hity-na-saksofone-d4c97600,Новокузнецк,novokuznetsk,EVENT,TC,200000,true,Кирова 47А,2026-02-19T11:24:37.207Z,2026-02-10T18:24:24.686Z
320626df-3a71-4a44-b42d-d8a7434783af,691f4703b5317cebb682b64b,Syntheticsax - Мировые хиты на саксофоне,syntheticsax-mirovye-hity-na-saksofone-b682b64b,Абакан,abakan,EVENT,TC,100000,true,"ул. Ленинского Комсомола, 39",2026-02-19T11:24:37.145Z,2026-02-10T18:24:25.552Z
c893f12d-4a79-452f-9ec2-d28892fc3625,691f4a13af9d8cfdf5e1ef3f,Syntheticsax - Мировые хиты на саксофоне,syntheticsax-mirovye-hity-na-saksofone-f5e1ef3f,Красноярск,krasnoyarsk,EVENT,TC,100000,true,"ул. Дмитрия Мартынова, 12, Красноярск",2026-02-19T11:24:37.080Z,2026-02-10T18:24:26.953Z
710bb9cf-5854-44dd-8315-b11b6f97c461,691f4caf31a187330a55aca3,Syntheticsax - Мировые хиты на саксофоне,syntheticsax-mirovye-hity-na-saksofone-0a55aca3,Иркутск,irkutsk,EVENT,TC,120000,true,"ул. Безбокова, 10а",2026-02-19T11:24:37.020Z,2026-02-10T18:24:27.657Z
580cc673-288d-4002-be5c-5626c5c62919,6924030f7832cf5334da5c95,J.Seven Israel «Шедевры романтической саксофонной музыки»,j-seven-israel-shedevry-romanticheskoj-saksofonnoj-muzyki-34da5c95,Междуреченск,mezhdurechensk,EVENT,TC,80000,true,"Весенняя улица, 9",2026-02-19T11:24:36.954Z,2026-02-10T18:24:03.807Z
8c52cf4b-2454-4ca8-9976-96b5e0cbc5af,6924080ad014dfc78d25075b,J.Seven Israel «Шедевры романтической саксофонной музыки»,j-seven-israel-shedevry-romanticheskoj-saksofonnoj-muzyki-8d25075b,Бийск,bijsk,EVENT,TC,70000,true,Горно-Алтайская 56 бийск,2026-02-19T11:24:36.887Z,2026-02-10T18:24:02.447Z
6d084f45-f6ab-43db-8489-4bf577980799,6975b597380a37c4adbd079d,Принесённые ветром.,prinesyonnye-vetrom,Санкт-Петербург,saint-petersburg,EVENT,TC,70000,true,Каменноостровский пр. 26/28,2026-02-19T11:24:36.847Z,2026-02-10T18:24:03.138Z
56f382e8-757b-4b17-8732-eb52f4dd62fb,68f25bb7b39e3d6c3ed37bc4,Игорь Корнелюк,igor-kornelyuk,Санкт-Петербург,saint-petersburg,EVENT,TC,290000,true,Финляндский пр. 1,2026-02-19T11:24:36.795Z,2026-02-10T18:24:25.066Z
1f472d45-bbaf-44de-99e9-714eb554603c,68f5f405805912641e87a423,Юлия Коган,yuliya-kogan,Санкт-Петербург,saint-petersburg,EVENT,TC,150000,true,Финляндский пр. 1,2026-02-19T11:24:36.762Z,2026-02-10T18:24:29.403Z
15d87707-15f7-462b-b5ca-ab22416b97e3,68f6074cb6dd789600f9ec65,Алиса Вокс,alisa-voks,Санкт-Петербург,saint-petersburg,EVENT,TC,150000,true,Финляндский пр. 1,2026-02-19T11:24:36.739Z,2026-02-10T18:24:41.532Z
7178f6f7-6bfb-4978-8977-037c09ca3987,68fb18fe64d6e91ee2cf16c0,SAINT PETERSBURG PINK FLOYD SHOW,saint-petersburg-pink-floyd-show,Санкт-Петербург,saint-petersburg,EVENT,TC,100000,true,Финляндский пр. 1,2026-02-19T11:24:36.715Z,2026-02-10T18:24:23.425Z
347d18f0-6bd3-4708-b948-32b974685e45,6900748f0e688298f7384c43,Константин Лем,konstantin-lem-f7384c43,Санкт-Петербург,saint-petersburg,EVENT,TC,200000,true,Финляндский пр. 1,2026-02-19T11:24:36.679Z,2026-02-10T18:24:37.605Z
bcfc542a-b963-4c5d-9baf-86226e90c8bd,69023353175f09c4b94da63d,Константин Бутаков,konstantin-butakov,Санкт-Петербург,saint-petersburg,EVENT,TC,200000,true,Финляндский пр. 1,2026-02-19T11:24:36.655Z,2026-02-10T18:24:43.599Z
e0f1383f-cbca-4661-9785-17c7aafe7b82,69078e13e1d46cb981662a41,Бурлеск кабаре MADAM BOOM,burlesk-kabare-madam-boom-81662a41,Санкт-Петербург,saint-petersburg,EVENT,TC,350000,true,Финляндский пр. 1,2026-02-19T11:24:36.591Z,2026-02-10T18:24:09.575Z
a8b85189-3e28-488d-baab-8fecea1d64ea,6907a5343531d6b960ec57a2,Павел Кашин,pavel-kashin,Санкт-Петербург,saint-petersburg,EVENT,TC,220000,true,Финляндский пр. 1,2026-02-19T11:24:36.567Z,2026-02-10T18:24:17.225Z
58435db0-abda-4005-a23c-cc9a943947d5,6907b8216f26af44c4fc3668,Trubetskoy,trubetskoy,Санкт-Петербург,saint-petersburg,EVENT,TC,200000,true,Финляндский пр. 1,2026-02-19T11:24:36.519Z,2026-02-10T18:24:47.407Z
41501154-30e6-4772-b3c8-c99c2a07b9f3,69317afaed802ad5ce2c7d21,Белорусские легенды,belorusskie-legendy,Санкт-Петербург,saint-petersburg,EVENT,TC,300000,true,Финляндский пр. 1,2026-02-19T11:24:36.484Z,2026-02-10T18:24:04.499Z
09325ebd-df77-470b-83cd-5e4f2eccb993,69351d862c71361ce1ed2071,ВАСЯ ВАСИН + Песни Майка и Битлов,vasya-vasin-pesni-majka-i-bitlov,Санкт-Петербург,saint-petersburg,EXCURSION,TC,150000,true,Финляндский пр. 1,2026-02-19T11:24:36.444Z,2026-02-10T18:24:33.784Z
d770d36b-73f2-46ea-8fab-69f7161ec95f,693c77348f80a7d2cc52bdd5,Modern Talking Party,modern-talking-party,Санкт-Петербург,saint-petersburg,EVENT,TC,150000,true,Финляндский пр. 1,2026-02-19T11:24:36.410Z,2026-02-10T18:24:18.259Z
66d678bb-d755-4ca5-9117-9e2b7b38c4d2,69452990da0676075f0ff9cb,Ананасов и Ко,ananasov-i-ko,Санкт-Петербург,saint-petersburg,EVENT,TC,120000,true,Финляндский пр. 1,2026-02-19T11:24:36.376Z,2026-02-10T18:24:48.276Z
b0a6eef4-0436-4705-870d-6085b970b726,694ef9c5835cc64a312b2229,Меджикул,medzhikul,Санкт-Петербург,saint-petersburg,EVENT,TC,200000,true,Финляндский пр. 1,2026-02-19T11:24:36.310Z,2026-02-10T18:24:37.027Z
19316a90-8a3c-46f6-a8ce-eeda28075e35,695289814b60abfa89788719,Ким и Буран,kim-i-buran-89788719,Санкт-Петербург,saint-petersburg,EVENT,TC,150000,true,"Лиговский проспект 50, корпус 16",2026-02-19T11:24:36.286Z,2026-02-10T18:24:49.338Z
4c609b84-be08-43ac-b142-f9c65bcca017,695436363b9c72492e96af66,Алена Свиридова,alena-sviridova,Москва,moscow,EVENT,TC,300000,true,"Пушечная ул., 9/6, Москва, Россия, 107031",2026-02-19T11:24:36.224Z,2026-02-10T18:24:28.598Z
355afc7f-0a3d-4958-b43e-5bf78a68644a,695ad394c8b63576fbbcad0d,Ким и Буран,kim-i-buran,Москва,moscow,EVENT,TC,180000,true,"Пушечная ул., 9/6, Москва, Россия, 107031",2026-02-19T11:24:36.195Z,2026-02-10T18:24:49.310Z
430faf34-1537-4fa4-af03-27f8d14c6cd6,6964abf74c8540ce4e2b90c5,Лесоповал,lesopoval,Санкт-Петербург,saint-petersburg,EVENT,TC,280000,true,Финляндский пр. 1,2026-02-19T11:24:36.161Z,2026-02-10T18:24:44.090Z
b26e8201-b47a-4920-9741-a2e709d5c036,6966193fd2e5f361567295f7,Константин Бутаков,konstantin-butakov-567295f7,Москва,moscow,EVENT,TC,150000,true,"Пушечная ул., 9/6, Москва, Россия, 107031",2026-02-19T11:24:36.132Z,2026-02-10T18:24:47.436Z
76c957f7-db4f-412f-8c61-ac07e08a09dc,69661d5dd89026a08f7c255c,Татьяна Зыкина,tatyana-zykina,Москва,moscow,EVENT,TC,150000,true,"Пушечная ул., 9/6, Москва, Россия, 107031",2026-02-19T11:24:36.096Z,2026-02-10T18:24:45.059Z
ac2774c6-c918-4685-97eb-261ff15f7334,6968d3f769c06593c0d855e6,SADE TRIBUTE: The Greatest Hits,sade-tribute-the-greatest-hits,Санкт-Петербург,saint-petersburg,EVENT,TC,90000,true,Финляндский пр. 1,2026-02-19T11:24:36.029Z,2026-02-10T18:24:10.796Z
f8c0de3f-d88f-4a89-beb6-046a52976960,696a4f468b5f971548e05f1d,DEPECHE MODE tribute,depeche-mode-tribute,Санкт-Петербург,saint-petersburg,EVENT,TC,120000,true,Финляндский пр. 1,2026-02-19T11:24:35.981Z,2026-02-10T18:24:48.197Z
94db49c2-4c80-4b09-b28d-9b085dd4d78d,696b5180455e3f18f5f79874,RAMMLIEB - Rammstein tribute,rammlieb-rammstein-tribute,Москва,moscow,EVENT,TC,150000,true,"ул. Новослободская, 16а",2026-02-19T11:24:35.951Z,2026-02-10T18:24:36.471Z
95dbbbc1-ca58-466d-9a47-2137e6cf7b0d,696b5ffb34b07ad7e388d8e3,2ва самолёта,2va-samolyota,Санкт-Петербург,saint-petersburg,EVENT,TC,100000,true,Финляндский пр. 1,2026-02-19T11:24:35.918Z,2026-02-10T18:24:01.671Z
5494d4ca-6e4c-4f8c-9ba2-67ac376e32bf,696d02abef444892c60f720a,Бурлеск кабаре  MADAM BOOM,burlesk-kabare-madam-boom,Санкт-Петербург,saint-petersburg,EVENT,TC,200000,true,Финляндский пр. 1,2026-02-19T11:24:35.853Z,2026-02-10T18:24:32.442Z
1f8e7af6-29e1-4d6d-bd3c-74bd60412684,696d2ea4a7ebe0422de20729,FANKIN,fankin,Санкт-Петербург,saint-petersburg,EVENT,TC,150000,true,Финляндский пр. 1,2026-02-19T11:24:35.802Z,2026-02-10T18:24:45.566Z
5a3338a2-d90e-468d-a904-ea9511beded6,69711c4dcb7ea77747cf2322,ELVIS ON TOUR — трибьют-шоу,elvis-on-tour-tribyut-shou,Санкт-Петербург,saint-petersburg,EVENT,TC,130000,true,Финляндский пр. 1,2026-02-19T11:24:34.955Z,2026-02-10T18:24:18.065Z
45fa35ac-a994-4509-aa51-950a45fba0a2,697b5b5774f7fc543e57a908,Бурлеск кабаре Madam Boom,burlesk-kabare-madam-boom-3e57a908,Москва,moscow,EVENT,TC,700000,true,"Пушечная ул., 9/6, Москва, Россия, 107031",2026-02-19T11:24:34.875Z,2026-02-10T18:24:37.117Z
2424bf55-aaa6-4fb3-b1c5-a34de9bb9fdb,697b84badd54b2ea874861e6,АрктидА. Акустический квартирник,arktida-akusticheskij-kvartirnik,Москва,moscow,EVENT,TC,200000,true,"Пушечная ул., 9/6, Москва, Россия, 107031",2026-02-19T11:24:33.313Z,2026-02-10T18:24:48.630Z
c896d3d6-8be3-4791-bb62-773d62ca07ff,69849c903a5524a693f3bcb5,Rolling Stones tribute,rolling-stones-tribute,Санкт-Петербург,saint-petersburg,EVENT,TC,80000,true,Финляндский пр. 1,2026-02-19T11:24:33.249Z,2026-02-10T18:24:34.559Z
87a45c04-173d-4783-93f7-5fcd5712a1de,69878a39447f1b02f0648505,Юлия Коган,yuliya-kogan-f0648505,Москва,moscow,EVENT,TC,200000,true,"Пушечная ул., 9/6, Москва, Россия, 107031",2026-02-19T11:24:33.216Z,2026-02-10T18:24:47.846Z
e4a80708-bf8e-405e-a9f5-203d4278b0cf,699482863b144dba2a143264,Штрудель,shtrudel-2a143264,Санкт-Петербург,saint-petersburg,EVENT,TC,150000,true,Финляндский пр. 1,2026-02-19T11:24:33.157Z,2026-02-19T10:48:13.104Z
44a38836-abf8-4831-86a3-be32721cd553,699487825c834ce6e903eaa1,Штрудель,shtrudel,Москва,moscow,EVENT,TC,150000,true,"Пушечная ул., 9/6, Москва, Россия, 107031",2026-02-19T11:24:33.101Z,2026-02-19T10:48:13.031Z
a9891c1a-2c1c-4ca8-8224-b7d3bbb1bc98,69956d95a7b9c75a6e214e02,DEPECHE MODE Saint-Petersburg Трибьют-шоу,depeche-mode-saint-petersburg-tribyut-shou,Санкт-Петербург,saint-petersburg,EVENT,TC,150000,true,Финляндский пр. 1,2026-02-19T11:24:33.066Z,2026-02-19T10:48:12.956Z
ac1e0c66-cd82-48c5-b65a-971654655795,6995a5f6c7862b40e24c3b59,Пузо и виртуозы Ленинграда,puzo-i-virtuozy-leningrada,Санкт-Петербург,saint-petersburg,EVENT,TC,150000,true,Финляндский пр. 1,2026-02-19T11:24:32.994Z,2026-02-10T18:23:55.359Z
b9d640e4-deab-4559-8471-3ace946b3285,6995b49f5a61d48124109ded,Саша и Сирожа,sasha-i-sirozha,Санкт-Петербург,saint-petersburg,EVENT,TC,120000,true,Финляндский пр. 1,2026-02-19T11:24:32.929Z,2026-02-19T10:48:12.768Z
0ff8c314-9b91-4d86-9418-b4b17ff13ef1,6995d6af1b13b996f7dff34e,METAL MANIACS (Metallica Tribute),metal-maniacs-metallica-tribute,Москва,moscow,EVENT,TC,150000,true,"ул. Фридриха Энгельса, 20с1",2026-02-19T11:24:32.820Z,2026-02-19T10:48:12.714Z
9538678c-b5b2-4347-9f24-ede202d2008b,6974d2be1758739ff7cd958b,"КОНЦЕРТ легенды русского рока, автора и исполнителя КОНСТАНТИНА НИКОЛЬСКОГО",kontsert-legendy-russkogo-roka-avtora-i-ispolnitelya-konstantina-nikolskogo,Московский,moskovskij,EVENT,TC,200000,true,г Москва г Московский микрорайон 1 дом 49,2026-02-19T11:24:32.758Z,2026-02-10T18:24:48.802Z
fd4a4834-800c-4fe5-8587-71642a46939f,697b6b9b01e3405298bd98ac,Концерт  Легендарной группы  МИРАЖ,kontsert-legendarnoj-gruppy-mirazh,Пенза,penza,EVENT,TC,250000,true,ул. Бакунина 147,2026-02-19T11:24:32.683Z,2026-02-10T18:24:48.049Z
e3f0b9ac-8d2c-4faa-a25f-fa029df27027,6913718d6ad1a6fa3b71775f,"28 февраля, «Волшебный мир Disney»: музыка из мультфильмов, эстрадный оркестр, поет Анна Бутурлина",28-fevralya-volshebnyj-mir-disney-muzyka-iz-multfilmov-estradnyj-orkestr-poet-an,Щёлково,shchyolkovo,EVENT,TC,100000,true,"ул. Пушкина, 22, Щелково, Московская обл., Россия, 141102",2026-02-19T11:24:32.489Z,2026-02-10T18:24:11.362Z
9b58aa16-c169-486f-b37a-657c559265c9,68ffbd22b787d8d2b06e766f,"ВЕСНА, ЛЮБОВЬ, ШУРА!",vesna-lyubov-shura,Санкт-Петербург,saint-petersburg,EVENT,TC,370000,true,"ул. Бронницкая, д. 24",2026-02-19T11:24:32.418Z,2026-02-10T18:24:18.227Z
814dcb2c-cd3f-4a34-a6d2-6b449f4a35d6,690cacfa20b7746dcdb31042,Русский Размер - Большой Сольный Концерт!,russkij-razmer-bolshoj-solnyj-kontsert,Санкт-Петербург,saint-petersburg,EVENT,TC,200000,true,"ул. Бронницкая, д. 24",2026-02-19T11:24:32.347Z,2026-02-10T18:24:28.020Z
09789185-e092-4fda-babd-925c85efeadf,6981dd38d1941fd236ebe57a,"П.И.Чайковский ""Времена года""",p-i-chajkovskij-vremena-goda,Москва,moscow,EVENT,TC,95000,true,Брюсов переулок 2/14,2026-02-19T11:24:32.276Z,2026-02-10T18:24:17.814Z
1b5f214a-58a1-4e7b-8800-31a8e81468e9,69899469d8a55d93c31e0a00,"Цирк ""Русские Мишки"" в г. Оренбург",tsirk-russkie-mishki-v-g-orenburg,Оренбург,orenburg,EVENT,TC,100000,true,"Шарлыкское ш., 1, корп. 2, Мегамолл «Мармелад»",2026-02-19T11:24:32.250Z,2026-02-10T18:24:33.230Z
f157513f-38f7-411f-8fdf-41cae0b0b2b4,6948fb09ca59042a95748fce,Спектакль «Семь Я»,spektakl-sem-ya,Красноярск,krasnoyarsk,EVENT,TC,60000,true,"улица Урицкого,61",2026-02-19T11:24:31.621Z,2026-02-10T18:24:23.779Z
948740b3-90d6-4978-a25d-a1a87e42a06e,694a562de9175a3964078e40,Фестиваль «ИграЯжизнь 2026» - Бузим 20-23 февраля,festival-igrayazhizn-2026-buzim-20-23-fevralya,Красноярск,krasnoyarsk,EVENT,TC,1900000,true,"G933+7V Бузим, Красноярский край, Россия",2026-02-19T11:24:31.597Z,2026-02-10T18:24:01.912Z
c7961766-031a-4ef3-bdb8-f3015e5e6cf4,694e9609329eaa8b2ecec141,Курс «Архитектор реальности» - Бузим 19-23 марта,kurs-arhitektor-realnosti-buzim-19-23-marta,Красноярск,krasnoyarsk,EVENT,TC,2700000,true,"G933+7V Бузим, Красноярский край, Россия",2026-02-19T11:24:31.562Z,2026-02-10T18:24:27.308Z
6ff4fa4f-ad65-4612-a300-5569872cf3b0,6960ff13461e54565b2d92ad,"Выездной лагерь для взрослых «Ёлки-палки, Новый год!» 3-6 января",vyezdnoj-lager-dlya-vzroslyh-yolki-palki-novyj-god-3-6-yanvarya,Красноярск,krasnoyarsk,EVENT,TC,1600000,true,"Красноярск, ул. Базайская, 365",2026-02-19T11:24:31.512Z,2026-02-10T18:24:49.422Z
8cba320c-b8c4-4bcb-ad28-90545d30a366,6979c3c892181b75e526b671,Выездной лагерь для взрослых «Принцессе - по Дракону!»,vyezdnoj-lager-dlya-vzroslyh-printsesse-po-drakonu,Красноярск,krasnoyarsk,EXCURSION,TC,1600000,true,"Красноярск, ул. Базайская, 365",2026-02-19T11:24:31.422Z,2026-02-10T18:24:16.316Z
79061dc5-0929-46bd-9b4a-df16448ef5ed,6979cb82286ed43ad6a739dd,Спектакль «Чёрное или белое?»,spektakl-chyornoe-ili-beloe,Красноярск,krasnoyarsk,EVENT,TC,60000,true,"улица Урицкого,61",2026-02-19T11:24:31.378Z,2026-02-10T18:24:44.842Z
3e44c226-734c-4a5d-bc36-64e039f54389,69842d7f7ac94dd4ee5231f3,Фестиваль «РаДа-фест» в Хакассии,festival-rada-fest-v-hakassii,Красноярск,krasnoyarsk,EVENT,TC,1600000,true,"ул. Тропа шаманов, Ефремкино, Респ. Хакасия, Россия, 655210",2026-02-19T11:24:31.333Z,2026-02-10T18:24:49.039Z
c199cb8e-6cc0-416a-ba6b-b70806007af5,6982ffdc607dc36318962bf6,Она Легенда,ona-legenda,Киров (Кировская область),kirov-kirovskaya-oblast,EVENT,TC,200000,true,"Московская ул., 5",2026-02-19T11:24:31.268Z,2026-02-10T18:24:17.385Z
31bc20ba-0607-42b5-9a82-6e8a54b135bd,6982271abd13bec4b245abc9,"Шоу ""Анна и Эльза"". Часть-3.",shou-anna-i-elza-chast-3,Тула,tula,EVENT,TC,80000,true,"Демонстрации ул., д.134",2026-02-19T11:24:30.864Z,2026-02-10T18:24:34.016Z
f769c3ec-29f7-43b4-a9d8-ecf2fdb4529a,6985e2bd128dcf7eee200e6f,БУРАТИНО,buratino,Рязань,ryazan,EVENT,TC,60000,true,"Первомайский пр., 68",2026-02-19T11:24:30.647Z,2026-02-10T18:24:28.765Z
06087b8d-1b02-4a50-a5e5-f7a854d3710c,6990794af8e9dc93659426a5,"Новогоднее шоу фонтанов ""Кощеево царство""",novogodnee-shou-fontanov-koshcheevo-tsarstvo,Воронеж,voronezh,EVENT,TC,60000,true,"Рамонский р-он, пос. Солнечный, улица Парковая, дом 3.",2026-02-19T11:24:30.446Z,2026-02-14T16:30:38.892Z
54e5214e-7676-4811-92a0-288a53787730,69909067904d029c66caa1a7,"Новогоднее шоу на воде ""Кощеево царство""",novogodnee-shou-na-vode-koshcheevo-tsarstvo,Ростов-на-Дону,rostov-na-donu,EVENT,TC,60000,true,"Будённовский проспект, 34",2026-02-19T11:24:30.187Z,2026-02-14T16:30:38.773Z
be10581f-07f8-40c6-9aa3-e5e3581b0a64,6990980ec9c9ce0093e6c6d5,Ёлка на воде,yolka-na-vode,Ростов-на-Дону,rostov-na-donu,EVENT,TC,60000,true,"Будённовский проспект, 34",2026-02-19T11:24:30.091Z,2026-02-14T16:30:38.579Z
6b04236c-b674-4e04-89b1-eb9b296d91a5,6989dcf1f21a3cd236930867,Повелители дождя - танцевальное шоу,poveliteli-dozhdya-tantsevalnoe-shou-36930867,Оренбург,orenburg,EVENT,TC,150000,true,"ул. Чкалова, 1, Оренбург, Оренбургская обл., Россия, 460001",2026-02-19T11:24:29.947Z,2026-02-12T16:30:37.925Z
0042e300-a820-4bc4-b1a7-59511b399a4a,69861d5c2eb68d5542514af4,1 этап SMP Formula 4,1-etap-smp-formula-4,Москва,moscow,EVENT,TC,350000,true,Шелудьково,2026-02-19T11:24:29.872Z,2026-02-19T10:48:10.051Z
4fdfb7d6-6d1a-451d-b844-e8132d0b4a6b,698b2496df370fbc750f403e,2 этап SMP Formula 4,2-etap-smp-formula-4,Казань,kazan,EVENT,TC,350000,true,Республика Татарстан федеральная трасса М7 817 километр,2026-02-19T11:24:29.800Z,2026-02-19T10:48:09.972Z
189c9076-0f00-4b10-8a82-eb9ac6cf0725,698b26246677c7cbcfe8f316,3 этап SMP Formula 4,3-etap-smp-formula-4,Санкт-Петербург,saint-petersburg,EVENT,TC,350000,true,"Ленинградская обл., Приозерский р-н, Сосновское сельское поселение, Дер. Новожилово, Приозерское ш. д.3, к.2",2026-02-19T11:24:29.721Z,2026-02-19T10:48:09.892Z
0537c564-1602-45d4-bad3-3b3174cb1004,698b268831f606d3ade40da8,4 этап SMP Formula 4,4-etap-smp-formula-4,Нижний Новгород,nizhnij-novgorod,EVENT,TC,350000,true,"Нижегородская область, Богородский район, зона Нижегородское кольцо, 1",2026-02-19T11:24:29.652Z,2026-02-19T10:48:09.812Z
9e05fe2b-a1a0-48be-b4b6-552b8c9be85d,698b27123593b5dcad7574a6,6 этап SMP Formula 4,6-etap-smp-formula-4,Москва,moscow,EVENT,TC,350000,true,Шелудьково,2026-02-19T11:24:29.584Z,2026-02-19T10:48:09.731Z
047de3d5-586f-41b5-b60a-941baccb5f1a,698b390052b370ee74badd29,Сезонный пасс SMP F4,sezonnyj-pass-smp-f4,Москва,moscow,EVENT,TC,2160000,true,Россия,2026-02-19T11:24:29.517Z,2026-02-19T10:48:09.651Z
36d42a27-1715-46e2-9154-8d854170baf8,698d685eacc30013a17df1dc,Выставка Кошек в Находке,vystavka-koshek-v-nahodke,Находка,nahodka,EVENT,TC,50000,true,"ул. Спортивная, 2",2026-02-19T11:24:29.485Z,2026-02-19T10:48:08.630Z
da9043ff-be0d-4d47-a2e7-efa11c9ac0d3,6983552e93f1d889ada62bfa,СЛО-ва Любви,slo-va-lyubvi,Казань,kazan,EVENT,TC,150000,true,Пушкина 86,2026-02-19T11:24:28.339Z,2026-02-11T21:36:59.700Z
9a81e047-2ba3-4c73-aca4-55350c3e6607,69777c3210c5bd77c62d5be9,CINEMA JAZZ: Музыка из культовых фильмов,cinema-jazz-muzyka-iz-kultovyh-filmov,Новосибирск,novosibirsk,EVENT,TC,100000,true,"Красный проспект, 50",2026-02-19T11:24:28.271Z,2026-02-12T16:30:37.773Z
3c12a684-1af1-4f84-9af9-659b5e009f43,697778ddabc8ca68c12b7741,JAZZ GOLDEN AGE: Классика Американского джаза,jazz-golden-age-klassika-amerikanskogo-dzhaza,Новосибирск,novosibirsk,EVENT,TC,100000,true,"Красный проспект, 50",2026-02-19T11:24:28.175Z,2026-02-12T16:30:37.644Z
258c8eac-356d-4829-b74f-cf1626664416,6985bee6c0a7943381ce91da,Voice Power: караоке с камерным оркестром,voice-power-karaoke-s-kamernym-orkestrom,Санкт-Петербург,saint-petersburg,EVENT,TC,200000,true,Конюшенная пл. 2,2026-02-19T11:24:28.140Z,2026-02-12T16:30:37.605Z
b239da35-a543-4536-9a6d-68bcda8fa27e,6974b08ea1dd8616b09816bf,Jazz For Lover,jazz-for-lover,Санкт-Петербург,saint-petersburg,EVENT,TC,200000,true,Конюшенная пл. 2,2026-02-19T11:24:28.066Z,2026-02-12T16:30:37.514Z
b9a03719-9723-4fee-aa0b-a6eb2043c85b,6981c95f7dfae90364a2694d,Только между нами,tolko-mezhdu-nami,Санкт-Петербург,saint-petersburg,EVENT,TC,200000,true,Конюшенная пл. 2,2026-02-19T11:24:28.024Z,2026-02-12T16:30:37.319Z
423630fc-88e8-4f8b-9a2d-a9ed158fbd29,696e0362e976986f9e80bcb5,Jazz&Wine: Оттенки красного,jazz-wine-ottenki-krasnogo,Санкт-Петербург,saint-petersburg,EVENT,TC,320000,true,Конюшенная пл. 2,2026-02-19T11:24:27.984Z,2026-02-12T16:30:37.423Z
f655fd67-cb0e-4704-b325-e0bad7f0626a,696e02c6f9a2ada175d7d210,JAZZ&WINE: РОМАНТИЧЕСКИЙ ВЕЧЕР,jazz-wine-romanticheskij-vecher,Санкт-Петербург,saint-petersburg,EVENT,TC,320000,true,Конюшенная пл. 2,2026-02-19T11:24:27.945Z,2026-02-12T16:30:37.377Z
feb08f05-1af4-45ec-96ec-db270844f431,6995b088e8a4c31447d71e41,Нурминский: сольный концерт | Калининград | 24 апреля | Сити джаз,nurminskij-solnyj-kontsert-kaliningrad-24-aprelya-siti-dzhaz,Калининград,kaliningrad,EVENT,TC,101000,true,проспект мира 33,2026-02-19T11:24:27.848Z,2026-02-19T10:48:08.076Z
217c2c3d-e84e-407e-bde2-4a46fe78f8eb,699207c3723b9f06f1e99876,Нурминский: сольный концерт | Краснодар | 26 марта | The Rock Bar,nurminskij-solnyj-kontsert-krasnodar-26-marta-the-rock-bar,Краснодар,krasnodar,EVENT,TC,92000,true,"ул. Горького, 104",2026-02-19T11:24:27.766Z,2026-02-19T10:48:07.984Z
a2fbbdf0-654c-4f53-8b1e-f99bd90fb82c,697911fc4afa4386693c9a68,Нурминский: сольный концерт | Уфа | 4 апреля | «Дом Печати»,nurminskij-solnyj-kontsert-ufa-4-aprelya-dom-pechati,Уфа,ufa,EVENT,TC,97000,true,"ул. 50 лет Октября, 19",2026-02-19T11:24:27.694Z,2026-02-19T10:48:07.908Z
3a155c4e-cd7f-446b-a49e-9b740b1a47ed,69863b9d9ca260bd75dc8ac2,Нурминский: сольный концерт | Тверь | 22 марта | Собака Милле,nurminskij-solnyj-kontsert-tver-22-marta-sobaka-mille,Тверь,tver,EVENT,TC,100000,true,"ул. Ерофеева, 2",2026-02-19T11:24:27.631Z,2026-02-19T10:48:07.832Z
a6aba5a7-d35d-4b76-9bac-24f276560448,6986f344fcc1bdfbcac68c38,Нурминский: сольный концерт | Великий Новгород | 20 марта | Сердце,nurminskij-solnyj-kontsert-velikij-novgorod-20-marta-serdtse,Великий Новгород,velikij-novgorod,EVENT,TC,100000,true,"ул. Чудовская, 4",2026-02-19T11:24:27.574Z,2026-02-19T10:48:07.761Z
c54ff78e-b303-49d4-85f9-61ef5dfa937f,6987431c5f1990836484dff0,Нурминский: сольный концерт | Псков | 19 марта | «Нора»,nurminskij-solnyj-kontsert-pskov-19-marta-nora,Псков,pskov,EVENT,TC,99000,true,"ул. Декабристов, 62",2026-02-19T11:24:27.493Z,2026-02-19T10:48:07.666Z
324534fa-fe3b-46d7-949b-fed983330c63,698236c6675912c63089adfe,Нурминский: сольный концерт | Кострома | 15 марта | «Свои да Наши»,nurminskij-solnyj-kontsert-kostroma-15-marta-svoi-da-nashi,Кострома,kostroma,EVENT,TC,100000,true,"ул. Калиновская, 42",2026-02-19T11:24:27.435Z,2026-02-19T10:48:07.600Z
cf3789ce-6f90-4d9b-bae7-73a3d0dbb644,69807119ab52be65fef79714,Нурминский | Ярославль | 12 марта | «Китайский летчик Джао Да»,nurminskij-yaroslavl-12-marta-kitajskij-letchik-dzhao-da,Ярославль,yaroslavl,EVENT,TC,98000,true,"Крестьянский пр., 7",2026-02-19T11:24:27.376Z,2026-02-19T10:48:07.536Z
054fe66b-7092-4448-94c0-f29166204258,6981eff37290cb1173357915,Нурминский: сольный концерт | Иваново | 13 марта |  «Веранда»,nurminskij-solnyj-kontsert-ivanovo-13-marta-veranda,Иваново,ivanovo,EVENT,TC,100000,true,"площадь Пушкина, 13",2026-02-19T11:24:27.268Z,2026-02-19T10:48:07.428Z
d8925b3c-9c61-48f8-9b0e-52bd5e11192c,697b1c823f9ed91fa4998c55,Нурминский | Йошкар-Ола | 27 февраля | Holmes Club,nurminskij-joshkar-ola-27-fevralya-holmes-club,Йошкар-Ола,joshkar-ola,EVENT,TC,102000,true,улица Карла Маркса 109,2026-02-19T11:24:27.201Z,2026-02-19T10:48:07.352Z
23e12f7f-bf76-43c0-a384-acffb9f9932a,6994c42a91ee8451350b29e1,"""R&J Дети Вероны""",r-j-deti-verony,Санкт-Петербург,saint-petersburg,EVENT,TC,50000,true,"Ланское ш., 35",2026-02-19T11:24:27.155Z,2026-02-10T18:24:00.401Z
8f00a56d-af10-4223-b5f0-edd3239432e2,6928e06adfb1971d3113fed1,💡PRO Stand-UP отборный КОНЦЕРТ,pro-stand-up-otbornyj-kontsert-3113fe7e,Санкт-Петербург,saint-petersburg,EVENT,TC,60000,true,Жуковского д.3,2026-02-19T11:24:27.064Z,2026-02-13T06:30:38.056Z
15e49de0-c3ff-4fa3-be6a-65571ab57dfd,6928e10ba8716dbb42a2484a,💡Pro Stand-up. Опытный концерт ТРЕНДОВЫХ комиков,pro-stand-up-opytnyj-kontsert-trendovyh-komikov-42a2484a,Санкт-Петербург,saint-petersburg,EVENT,TC,75000,true,Жуковского д.3,2026-02-19T11:24:27.000Z,2026-02-13T06:30:37.965Z
3d718dff-431a-463b-affc-cc92fa8df3a9,6928e3380b2b3d7d8c13fdd3,🎵PRO standup концерт 30+ МЕДИЙНЫХ комиков,pro-standup-kontsert-30-medijnyh-komikov-8c13fdd3,Санкт-Петербург,saint-petersburg,EVENT,TC,50000,true,Соляной пер. 14,2026-02-19T11:24:26.909Z,2026-02-13T06:30:37.849Z
89ef4f4d-9cbc-4d61-9acd-74af1d876e3d,6928e4040e09b0c7f513fb5e,🎵Pro Stand-up. Опытный концерт ТРЕНДОВЫХ комиков,pro-stand-up-opytnyj-kontsert-trendovyh-komikov-f513fb4e,Санкт-Петербург,saint-petersburg,EVENT,TC,80000,true,Соляной пер. 14,2026-02-19T11:24:26.858Z,2026-02-13T00:31:13.488Z
a39ff0df-2458-4809-9989-e3ef06ad6967,6928e737911e18c0dea24d14,💎PRO standup концерт 30+ МЕДИЙНЫХ комиков,pro-standup-kontsert-30-medijnyh-komikov-dea24c3c,Санкт-Петербург,saint-petersburg,EVENT,TC,50000,true,"Лиговский проспект, 50 литера Ц",2026-02-19T11:24:26.795Z,2026-02-13T06:30:37.700Z
ebc20b8d-f24b-42a0-82dd-53c6578a8068,6928e83f22360e2849a24874,💎Pro Stand-up. Опытный концерт ТРЕНДОВЫХ комиков,pro-stand-up-opytnyj-kontsert-trendovyh-komikov-49a24874,Санкт-Петербург,saint-petersburg,EVENT,TC,80000,true,"Лиговский проспект, 50 литера Ц",2026-02-19T11:24:26.733Z,2026-02-13T06:30:37.619Z
d513c071-5bfc-4b40-8d9e-8b96519c6f86,69298084d156ee29f9a24cc0,🍓PRO Stand-UP отборный концерт ТЕЛЕ и VK комиков,pro-stand-up-otbornyj-kontsert-tele-i-vk-komikov-f9a24cc0,Санкт-Петербург,saint-petersburg,EVENT,TC,50000,true,"Лиговский проспект, 50 литера Ц",2026-02-19T11:24:26.679Z,2026-02-13T06:30:37.543Z
15b352ef-7387-40d8-b3bd-6488d0974b57,69298269ed17604458a24862,🍓Pro Stand-up. Опытный концерт ТРЕНДОВЫХ комиков,pro-stand-up-opytnyj-kontsert-trendovyh-komikov-58a24862,Санкт-Петербург,saint-petersburg,EVENT,TC,75000,true,"Лиговский проспект, 50 литера Ц",2026-02-19T11:24:26.628Z,2026-02-13T06:30:37.472Z
78621068-b1f7-4beb-8d89-9bcfc0b33972,69299286a2c8f02261a2488a,🌐Pro Stand-up. Опытный концерт ТРЕНДОВЫХ комиков,pro-stand-up-opytnyj-kontsert-trendovyh-komikov-61a2488a,Санкт-Петербург,saint-petersburg,EVENT,TC,85000,true,"Лиговский проспект, 50 литера Ц",2026-02-19T11:24:26.545Z,2026-02-13T06:30:37.371Z
6a21d615-102b-4817-8b3d-3104cd9201a5,6929975f4a2887c7f773c85a,🌐PRO Stand-UP отборный концерт ТЕЛЕ и VK комиков,pro-stand-up-otbornyj-kontsert-tele-i-vk-komikov-f773c4aa,Санкт-Петербург,saint-petersburg,EVENT,TC,40000,true,"Лиговский проспект, 50 литера Ц",2026-02-19T11:24:26.431Z,2026-02-13T00:31:14.065Z
8ef02e44-d9da-4ea7-bd1c-0324f839908c,692998a2ce41a1858773c357,📺Pro Stand-up. Опытный концерт ТРЕНДОВЫХ комиков,pro-stand-up-opytnyj-kontsert-trendovyh-komikov-8773c357,Санкт-Петербург,saint-petersburg,EVENT,TC,80000,true,Соляной пер. 14,2026-02-19T11:24:26.354Z,2026-02-13T06:30:37.154Z
85918930-1b11-4076-b95f-a55397f35240,69299e59c581e9502f87d0fe,🥁Gong show в Popravka bar,gong-show-v-popravka-bar,Санкт-Петербург,saint-petersburg,EVENT,TC,30000,true,"Лиговский проспект, 50 литера Ц",2026-02-19T11:24:26.298Z,2026-02-10T18:24:34.588Z
60ebc978-ca71-40b3-a198-d16919a1f67c,69299fb8af5dc34e3a73c32f,🔞Pro Stand-up. Опытный концерт ТРЕНДОВЫХ комиков,pro-stand-up-opytnyj-kontsert-trendovyh-komikov-3a73c32f,Санкт-Петербург,saint-petersburg,EVENT,TC,50000,true,"Лиговский проспект, 50 литера Ц",2026-02-19T11:24:26.225Z,2026-02-13T06:30:37.003Z
5c2b8005-4756-405d-bd75-7b170d85ef0d,6974c7cb07983a7a207e1ae5,🎭PRO Stand-UP отборный концерт ТЕЛЕ и VK комиков,pro-stand-up-otbornyj-kontsert-tele-i-vk-komikov,Санкт-Петербург,saint-petersburg,EVENT,TC,50000,true,Жуковского д.3,2026-02-19T11:24:26.091Z,2026-02-10T18:23:49.747Z
471b67ae-5f71-46ff-87b1-3686f820ad36,6974d442de0d498be1434f37,🔞PRO Stand-UP отборный концерт ТЕЛЕ и VK комиков,pro-stand-up-otbornyj-kontsert-tele-i-vk-komikov-1bcef196,Санкт-Петербург,saint-petersburg,EVENT,TC,35000,true,"Лиговский проспект, 50 литера Ц",2026-02-19T11:24:25.984Z,2026-02-13T06:30:36.465Z
7677dfd2-8d63-4335-8a42-ed775e20123f,6980908f933f1cc7efd7265a,🖤PRO Stand-UP отборный концерт ТЕЛЕ и VK комиков,pro-stand-up-otbornyj-kontsert-tele-i-vk-komikov-efd7265a,Санкт-Петербург,saint-petersburg,EVENT,TC,50000,true,Жуковского д.3,2026-02-19T11:24:25.858Z,2026-02-13T06:30:36.311Z
2c2b88b1-d445-4974-bace-2bd23a2f1e81,69809314b5b174c5cc0f845d,🖤Pro Stand-up. Опытный концерт ТРЕНДОВЫХ комиков,pro-stand-up-opytnyj-kontsert-trendovyh-komikov-cc0f845d,Санкт-Петербург,saint-petersburg,EVENT,TC,75000,true,Жуковского д.3,2026-02-19T11:24:25.768Z,2026-02-13T06:30:36.207Z
a38f20b1-ed53-485c-854a-f21b7c341e1b,6980a789890f5418dfd7236d,🍬PRO Stand-UP отборный КОНЦЕРТ,pro-stand-up-otbornyj-kontsert,Санкт-Петербург,saint-petersburg,EVENT,TC,50000,true,"Невский пр., 74-76",2026-02-19T11:24:25.677Z,2026-02-12T00:30:26.126Z
8e5a7789-2d81-432a-8ce3-f92a82649717,69820656a812d101c2bf44fe,"🌓Комедийный Баттл: ""Мужское/Женское""",komedijnyj-battl-muzhskoe-zhenskoe-c2bf44fe,Санкт-Петербург,saint-petersburg,EVENT,TC,45000,true,"Невский пр., 74-76",2026-02-19T11:24:25.607Z,2026-02-13T06:30:35.905Z
3fcbf18f-04e6-4fd0-a80f-0d051242020a,6928e4dc3a9354966ba24af9,📺PRO standup концерт 30+ МЕДИЙНЫХ комиков,pro-standup-kontsert-30-medijnyh-komikov,Санкт-Петербург,saint-petersburg,EVENT,TC,40000,true,Соляной пер. 14,2026-02-19T11:24:25.525Z,2026-02-12T00:30:25.974Z
2a7bae88-534a-426f-98f2-22a65f01c6f4,69298e2c1e6c281060a24d8c,"🥊Комедийный Баттл: ""Мужское/Женское""",komedijnyj-battl-muzhskoe-zhenskoe,Санкт-Петербург,saint-petersburg,EVENT,TC,40000,true,"Лиговский проспект, 50 литера Ц",2026-02-19T11:24:25.447Z,2026-02-12T00:30:25.880Z
58b50233-2ac7-4ee3-aad4-9a50fad01d4d,69849722e08e061f654d122b,🥊Pro Stand-up. Опытный концерт ТРЕНДОВЫХ комиков,pro-stand-up-opytnyj-kontsert-trendovyh-komikov-654d122b,Санкт-Петербург,saint-petersburg,EVENT,TC,79000,true,"Лиговский проспект, 50 литера Ц",2026-02-19T11:24:25.379Z,2026-02-13T06:30:35.638Z
4b9d4a3c-26df-446c-9cdd-e449f34b989e,692983e8b1b1d88766a24d53,👑PRO standup концерт 30+ МЕДИЙНЫХ комиков,pro-standup-kontsert-30-medijnyh-komikov-66a24c7b,Санкт-Петербург,saint-petersburg,EVENT,TC,50000,true,"Лиговский проспект, 50 литера Ц",2026-02-19T11:24:25.320Z,2026-02-13T00:31:13.153Z
132688ec-f9b3-4e2b-92f6-75fa51b62e39,692985187ce16858c913fb90,👑Pro Stand-up. Опытный концерт ТРЕНДОВЫХ комиков,pro-stand-up-opytnyj-kontsert-trendovyh-komikov,Санкт-Петербург,saint-petersburg,EVENT,TC,75000,true,"Лиговский проспект, 50 литера Ц",2026-02-19T11:24:25.263Z,2026-02-12T00:30:25.687Z
2e754d95-293d-4fa9-b141-9fcae6b81220,69849da60a7195759a4d1246,🍬Pro Stand-up. Опытный концерт ТРЕНДОВЫХ комиков,pro-stand-up-opytnyj-kontsert-trendovyh-komikov-9a4d1246,Санкт-Петербург,saint-petersburg,EVENT,TC,60000,true,"Невский пр., 74-76",2026-02-19T11:24:25.209Z,2026-02-13T06:30:35.431Z
c5851bc0-f47e-4218-b831-58333d260095,69849f49bd805fb4504d1243,🌓Pro Stand-up. Опытный концерт ТРЕНДОВЫХ комиков,pro-stand-up-opytnyj-kontsert-trendovyh-komikov-504d1243,Санкт-Петербург,saint-petersburg,EVENT,TC,55000,true,"Невский пр., 74-76",2026-02-19T11:24:25.153Z,2026-02-13T06:30:35.350Z
39741b98-d99e-4e9f-a2cc-508ba436d366,6989f2415bdf25b26393451a,🎧Веселое музыкальное лото,veseloe-muzykalnoe-loto,Санкт-Петербург,saint-petersburg,EVENT,TC,50000,true,Жуковского д.3,2026-02-19T11:24:25.097Z,2026-02-10T18:23:52.169Z
269052b3-4f17-4604-89b6-0da09aba00d1,6994ea41bccc7528aa0b29e1,🎭Pro Stand-up. Опытный концерт ТРЕНДОВЫХ комиков,pro-stand-up-opytnyj-kontsert-trendovyh-komikov-290f8461,Санкт-Петербург,saint-petersburg,EVENT,TC,65000,true,Жуковского д.3,2026-02-19T11:24:24.997Z,2026-02-13T06:30:36.100Z
6c95e643-9dff-468f-b0d7-46ce54d1fe96,6929a3304d3149734173c857,♀️PRO Stand-UP отборный концерт ТЕЛЕ и VK комиков,pro-stand-up-otbornyj-kontsert-tele-i-vk-komikov-4173c76b,Санкт-Петербург,saint-petersburg,EVENT,TC,35000,true,"Лиговский проспект, 50 литера Ц",2026-02-19T11:24:24.833Z,2026-02-10T18:23:51.124Z
56de7335-af34-49e1-9785-f9f5eb2bea2b,69959b824cc9aad0e90b2a59,♀️Pro Stand-up. Опытный концерт ТРЕНДОВЫХ комиков,pro-stand-up-opytnyj-kontsert-trendovyh-komikov-3a73c39f,Санкт-Петербург,saint-petersburg,EVENT,TC,50000,true,"Лиговский проспект, 50 литера Ц",2026-02-19T11:24:24.715Z,2026-02-10T18:23:51.072Z
ce852272-e4ec-4f7f-9339-c424be9d829a,6929a59807ca1be2e173c855,🏴‍☠️BLACK стендап в POPRAVKA.BAR,black-stendap-v-popravka-bar,Санкт-Петербург,saint-petersburg,EVENT,TC,30000,true,"Лиговский проспект, 50 литера Ц",2026-02-19T11:24:24.596Z,2026-02-10T18:23:52.476Z
921d245a-e807-45f1-bb78-bb036f016fe4,6996f0c4356bb4c2da0b2a49,🏴‍☠️Pro Stand-up. Опытный концерт ТРЕНДОВЫХ комиков,pro-stand-up-opytnyj-kontsert-trendovyh-komikov-bd3e44d1,Санкт-Петербург,saint-petersburg,EVENT,TC,45000,true,"Лиговский проспект, 50 литера Ц",2026-02-19T11:24:24.468Z,2026-02-10T18:23:52.451Z
ccf0053a-1948-4fa5-9844-48ae092b085a,697d18966aa59084255ef5d3,«Это всё я»,eto-vsyo-ya,Санкт-Петербург,saint-petersburg,EVENT,TC,70000,true,народная 4а,2026-02-19T11:24:24.414Z,2026-02-10T18:23:53.464Z
95ab00c6-c119-4c12-8f40-948e1dc034f6,69677d654b0bb1863d0aee65,Stand Up: Профи,stand-up-profi,Казань,kazan,EVENT,TC,60000,true,"ул. Кави Наджми, 8",2026-02-19T11:24:24.383Z,2026-02-10T18:23:49.773Z
8b19cd41-ad63-4a8f-b136-22a61b3e7e06,697782671435a76209434bce,NEW Stand Up,new-stand-up,Казань,kazan,EVENT,TC,40000,true,"Баумана, 44/8",2026-02-19T11:24:24.295Z,2026-02-10T18:23:51.151Z
4d271753-222a-40a5-9a99-8f25291c9a9b,6977831ee14a4abb79434ad9,Тройной Stand Up,trojnoj-stand-up,Казань,kazan,EVENT,TC,50000,true,"Баумана, 44/8",2026-02-19T11:24:24.245Z,2026-02-10T18:23:51.045Z
dbe2e186-bfc8-4783-8f46-37edf6c35648,6977868dd3b09477c9434a32,Stand Up: Самое Смешное,stand-up-samoe-smeshnoe,Казань,kazan,EVENT,TC,90000,true,"ул. Кави Наджми, 8",2026-02-19T11:24:24.102Z,2026-02-10T18:23:54.013Z
54d0c518-8408-40ee-ae91-2cbef7112145,6978997b55ec944e947e1860,"Жёстче, чем Stand Up",zhyostche-chem-stand-up,Казань,kazan,EVENT,TC,90000,true,"ул.Чистопольская, 3Б",2026-02-19T11:24:24.012Z,2026-02-10T18:23:53.830Z
51b2bdff-f4b2-4ab0-ba4f-37e2658a835c,6978a084c511b5fcd87e1775,Приличный Stand Up,prilichnyj-stand-up,Казань,kazan,EVENT,TC,50000,true,"Баумана, 44/8",2026-02-19T11:24:23.922Z,2026-02-10T18:24:07.636Z
aba86661-a703-4e98-ba51-450c4762e640,6950f6c41c6ab0443c72cfbd,особняк Брусницыных,osobnyak-brusnitsynyh,Санкт-Петербург,saint-petersburg,EXCURSION,TC,400000,false,Кожевенная линия д.27,2026-02-19T11:24:23.018Z,2026-02-10T18:23:50.028Z
6e7d5223-d1b9-4536-b827-3f899e045895,69116e6b914f358cac21265f,Тур по барам Петербурга,tur-po-baram-peterburga,Санкт-Петербург,saint-petersburg,EVENT,TC,290000,true,"Большая конюшенная, 31",2026-02-19T11:24:22.918Z,2026-02-10T18:23:51.096Z
d350ecd6-7863-4bb2-a827-6dd780f469c9,69116fb05c07efc8e1212867,по улице Рубинштейна,po-ulitse-rubinshtejna,Санкт-Петербург,saint-petersburg,EVENT,TC,79000,true,Рубинштейна 1,2026-02-19T11:24:22.840Z,2026-02-10T18:23:50.602Z
89404e77-0630-421a-8d58-0e534af1d4a9,691170941d76b19880212a77,Обзорная экскурсия по Петербургу,obzornaya-ekskursiya-po-peterburgu,Санкт-Петербург,saint-petersburg,EXCURSION,TC,400000,true,"Кирпичный пер., 1, Центральный район, выход из метро Адмиралтейская",2026-02-19T11:24:22.753Z,2026-02-10T18:23:50.193Z
3bb52519-303c-43d6-a450-203189678036,691172cf82cee4ffda8a6c2a,Сердце Петербурга. Расширенная экскурсия по доходным домам и их парадным,serdtse-peterburga-rasshirennaya-ekskursiya-po-dohodnym-domam-i-ih-paradnym,Санкт-Петербург,saint-petersburg,EXCURSION,TC,110000,true,Большая Московская ул.1,2026-02-19T11:24:22.674Z,2026-02-10T18:23:49.902Z
d2834f0a-f371-4ae2-8d85-750907d1452e,69117a644f66fcfa778a68bf,А можно все вместе?,a-mozhno-vse-vmeste,Санкт-Петербург,saint-petersburg,EXCURSION,TC,230000,true,Большая Московская ул.1,2026-02-19T11:24:22.600Z,2026-02-10T18:23:49.954Z
8878e567-679e-41d5-8582-90ac125516e0,69117c4b8c9e9c72ed8a6c2a,"Экскурсия ""Петербургский Микс""",ekskursiya-peterburgskij-miks,Санкт-Петербург,saint-petersburg,EXCURSION,TC,150000,true,Большая Московская ул.1,2026-02-19T11:24:22.488Z,2026-02-10T18:23:58.517Z
5147982f-8a94-4024-89bc-5d9f158184f8,6912f3e94d54afcaab8a6c87,Вечерняя экскурсия по Петербургу,vechernyaya-ekskursiya-po-peterburgu,Санкт-Петербург,saint-petersburg,EXCURSION,TC,100000,true,Невский 35,2026-02-19T11:24:22.405Z,2026-02-10T18:23:50.577Z
93699730-e54c-425e-9644-fc0d93843c7f,6953a40567941c4c4f6b2cc8,Экскурсия в аптеку Пеля,ekskursiya-v-apteku-pelya,Санкт-Петербург,saint-petersburg,EXCURSION,TC,100000,true,"7 линия ВО, 16",2026-02-19T11:24:22.345Z,2026-02-10T18:24:35.296Z
59a531b3-0302-4e0c-9f16-f1ffb56aed6d,6953ad8f6fd766618e0aee42,Экскурсия по Буддийскому Дацану,ekskursiya-po-buddijskomu-datsanu,Санкт-Петербург,saint-petersburg,EVENT,TC,80000,true,Приморский пр-т д 91,2026-02-19T11:24:22.282Z,2026-02-10T18:23:56.137Z
6b616aed-ea31-406e-9ae6-d7dd86024b97,695fb979db703831290af528,Экскурсия в дом Ученых (Владимирский дворец),ekskursiya-v-dom-uchenyh-vladimirskij-dvorets,Санкт-Петербург,saint-petersburg,EXCURSION,TC,120000,true,Дворцовая набережная 26,2026-02-19T11:24:21.970Z,2026-02-10T18:23:50.417Z
a10a8711-ddb7-494d-a042-3a2edc4defd4,6971f9618dcc64d564af4f78,на киностудию Ленфильм,na-kinostudiyu-lenfilm,Санкт-Петербург,saint-petersburg,EXCURSION,TC,100000,true,Каменностровский д 10,2026-02-19T11:24:20.565Z,2026-02-10T18:23:50.169Z
61dd1edf-ca60-4a82-9441-6c230056b7e3,699560f9c1213eab720b29f9,Экскурсия внутрь соборной мечети,ekskursiya-vnutr-sobornoj-mecheti,Санкт-Петербург,saint-petersburg,EXCURSION,TC,100000,true,Кронверский проспект 7,2026-02-19T11:24:20.434Z,2026-02-10T18:24:33.266Z
7daa0282-36f2-4856-b44c-2fa54a9151be,6996cfef05e7dd400b0b3013,Лабиринты Петроградской в мини группе,labirinty-petrogradskoj-v-mini-gruppe,Санкт-Петербург,saint-petersburg,EXCURSION,TC,120000,true,Вкусно и точка на Петроградской,2026-02-19T11:24:19.973Z,2026-02-19T10:48:00.543Z
1b6fa4a1-e366-479e-9cea-06ff5348fd37,6996d14b6517706dc00b2bd2,Дворы и парадные Петроградской,dvory-i-paradnye-petrogradskoj,Санкт-Петербург,saint-petersburg,EXCURSION,TC,29000,true,Вкусно и точка на Петроградской,2026-02-19T11:24:19.689Z,2026-02-19T10:48:00.388Z
f61c6130-c0a7-4f18-a2b0-bc8e89503b7f,6996d7f93044f98e890b2ab5,Экскурсия по парадным со скидкой до 50%,ekskursiya-po-paradnym-so-skidkoj-do-50,Санкт-Петербург,saint-petersburg,EVENT,TC,59000,true,"Большая Московская улица, 2",2026-02-19T11:24:19.217Z,2026-02-19T10:48:00.226Z
14bb9ae1-be4f-4d47-820b-77d1e4128ed9,69689bd7cda66d11716b2e93,"Вечер Игр: Музыкальное лото, Мафия, Покер (без денег) и другие игры",vecher-igr-muzykalnoe-loto-mafiya-poker-bez-deneg-i-drugie-igry,Москва,moscow,EVENT,TC,49000,true,"Пушечная ул., 9/6",2026-02-19T11:24:19.006Z,2026-02-10T18:24:32.359Z
164b6967-c8c5-4ce6-b775-0608d0bd6f01,69768a9c5987d16e7f435564,"Мастер-класс по созданию кулона в технике ""горячая эмаль""",master-klass-po-sozdaniyu-kulona-v-tehnike-goryachaya-emal,Москва,moscow,EVENT,TC,249900,true,"Большой Факельный пер., 10 строение 2, Москва, Россия, 109004",2026-02-19T11:24:17.842Z,2026-02-10T18:23:49.800Z
89379d23-ec52-4d12-9d3c-67ae7f546903,69768cd9c7fafdcd397e1cab,"Мастер-класс по росписи картины в технике ""горячая эмаль""",master-klass-po-rospisi-kartiny-v-tehnike-goryachaya-emal,Москва,moscow,EVENT,TC,269900,true,"Большой Факельный пер., 10 строение 2, Москва, Россия, 109004",2026-02-19T11:24:16.662Z,2026-02-10T18:23:49.826Z
62863b57-f0b7-4d29-ad68-d3eb1c6bbe33,6976902fceb8af497a7e1d93,"Мастер-класс по созданию фигурной формы в технике ""горячая эмаль""",master-klass-po-sozdaniyu-figurnoj-formy-v-tehnike-goryachaya-emal,Москва,moscow,EVENT,TC,339900,true,"Большой Факельный пер., 10 строение 2, Москва, Россия, 109004",2026-02-19T11:24:15.476Z,2026-02-10T18:23:49.852Z
1a642175-c671-4703-a0f0-cb4ef24442ef,697691c61507fbef3643555c,"Мастер-класс по росписи елочной игрушки в технике ""горячая эмаль""",master-klass-po-rospisi-elochnoj-igrushki-v-tehnike-goryachaya-emal,Москва,moscow,EVENT,TC,369900,true,"Большой Факельный пер., 10 строение 2, Москва, Россия, 109004",2026-02-19T11:24:14.261Z,2026-02-10T18:23:49.876Z
6f398b41-91b5-44a2-8966-e539b99cda6c,69769455ab92a09b537e19c3,"Мастер-класс по созданию ювелирного украшения в технике ""горячая эмаль""",master-klass-po-sozdaniyu-yuvelirnogo-ukrasheniya-v-tehnike-goryachaya-emal,Москва,moscow,EVENT,TC,539900,true,"Большой Факельный пер., 10 строение 2, Москва, Россия, 109004",2026-02-19T11:24:13.930Z,2026-02-10T18:23:50.370Z
29cd85c5-c70c-4738-9e6d-03d88cc2d651,6976967ae07c4e3da0434cec,"Мастер-класс по созданию комплекта ювелирных украшений в технике ""горячая эмаль""",master-klass-po-sozdaniyu-komplekta-yuvelirnyh-ukrashenij-v-tehnike-goryachaya-e,Москва,moscow,EVENT,TC,999000,true,"Большой Факельный пер., 10 строение 2, Москва, Россия, 109004",2026-02-19T11:24:13.590Z,2026-02-10T18:23:50.394Z
aacbfc24-613e-4e3a-84dc-86ef9fb005d8,697b854400a5a2c69ec8fa55,"Музыкальная комедия ""Монологи Богини""",muzykalnaya-komediya-monologi-bogini,Санкт-Петербург,saint-petersburg,EVENT,TC,140000,true,"Литейный пр, 14",2026-02-19T11:24:13.479Z,2026-02-10T18:24:09.631Z
70b8b64f-8f2c-47e3-9a68-72a5e3e87684,697b818eb65e84e6b05ef555,"Музыкальная комедия ""Новая Помада""",muzykalnaya-komediya-novaya-pomada,Санкт-Петербург,saint-petersburg,EVENT,TC,140000,true,"Литейный пр, 14",2026-02-19T11:24:13.388Z,2026-02-10T18:24:01.638Z
6ffff551-072e-44f1-9da3-e6c88e4899a6,697b73e8b2d4916386c8fbf9,"Комедия ""Страна Возможно"", для всех кто вырос в 90-е",komediya-strana-vozmozhno-dlya-vseh-kto-vyros-v-90-e,Санкт-Петербург,saint-petersburg,EVENT,TC,140000,true,"Литейный пр, 14",2026-02-19T11:24:13.284Z,2026-02-10T18:23:52.365Z
b5a9e2f8-14f9-4375-86dd-85f7294a1f01,6991d1c41f032dc5ea0b29e1,"Музыкальная комедия ""В поисках Золушки""",muzykalnaya-komediya-v-poiskah-zolushki,Санкт-Петербург,saint-petersburg,EVENT,TC,120000,true,"Литейный пр, 14",2026-02-19T11:24:13.258Z,2026-02-19T10:47:55.796Z
677a3117-8158-44ac-902e-6a63fd95dcd9,694caa38475d3f0a2cdcabc3,Курс актёрского мастерства «Давай поиграем»,kurs-aktyorskogo-masterstva-davaj-poigraem,Красноярск,krasnoyarsk,EVENT,TC,100000,true,"Красноярск, Копылова, 17",2026-02-19T11:24:13.206Z,2026-02-10T18:23:50.491Z
9d78f26f-d6d1-4319-b796-71720064bc93,6969f0d7b0d3e1b50c2cb014,Сказочная Гжель,skazochnaya-gzhel,Раменское,ramenskoe,EVENT,TC,75000,true,"Турыгино, д. 280 Московская обл., Россия, 140155",2026-02-19T11:24:12.577Z,2026-02-12T16:30:21.881Z
41452f8a-d360-42b5-94c6-9508f962bd44,6969f1727e9f3b06582cb05c,Мастер-класс по росписи,master-klass-po-rospisi,Раменское,ramenskoe,EVENT,TC,70000,true,"Турыгино, д. 280 Московская обл., Россия, 140155",2026-02-19T11:24:11.991Z,2026-02-12T16:30:21.409Z
64345263-94b1-464e-99b5-dc08139d9a57,694034b6bf47f982b542dac4,Алиса в стране мыльных пузырей - интерактивное шоу,alisa-v-strane-mylnyh-puzyrej-interaktivnoe-shou,Москва,moscow,EVENT,TC,180000,true,"пр-т Мира, 119 стр.11",2026-02-19T11:24:11.904Z,2026-02-12T16:30:21.363Z
ebfb12f8-e35f-4be3-8006-9c38b5881432,69403b1824a496c32842db98,МАШИНА ВРЕМЕНИ - интерактивный спектакль,mashina-vremeni-interaktivnyj-spektakl,Москва,moscow,EVENT,TC,180000,true,"пр-т Мира, 119 стр.11",2026-02-19T11:24:11.845Z,2026-02-12T16:30:21.307Z
2621f535-8977-4aaf-b9a6-c559e1fb46b3,694040336c6b289caa42dc0c,ЛЕДИ НАЙТ - только для женщин,ledi-najt-tolko-dlya-zhenshchin,Москва,moscow,EVENT,TC,270000,true,"пр-т Мира, 119 стр.11",2026-02-19T11:24:11.759Z,2026-02-12T16:30:21.258Z
85637cd4-746a-49f0-8f43-914eaa1b92f8,696a5c2024d2d39a7230f845,ГАРРИ ПОТТЕР - иммерсивный оркестр,garri-potter-immersivnyj-orkestr,Москва,moscow,EVENT,TC,250000,true,"пр-т Мира, 119 стр.11",2026-02-19T11:24:11.694Z,2026-02-12T16:30:21.215Z
6bc0f5de-46fe-44f7-afff-9f259c60b7ee,696f4ecf691f8062d4134f30,Повелители дождя - танцевальное шоу,poveliteli-dozhdya-tantsevalnoe-shou-d4134f30,Москва,moscow,EVENT,TC,250000,true,"ул. Хамовнический Вал, д. 34",2026-02-19T11:24:11.639Z,2026-02-12T16:30:21.150Z
1d49145f-ee9f-4250-8c74-bf831cc0da06,696f53ae964533bbaa014589,ШАГ ВПЕРЕД - танцевальное шоу с дождем,shag-vpered-tantsevalnoe-shou-s-dozhdem,Москва,moscow,EVENT,TC,250000,true,"ул. Хамовнический Вал, д. 34",2026-02-19T11:24:11.589Z,2026-02-12T16:30:21.088Z
5b98d74f-efda-4f5b-b31c-75db3b9ef573,696f558ac7095f225601458a,ВОКРУГ СВЕТА интерактивный шоу-спектакль,vokrug-sveta-interaktivnyj-shou-spektakl,Москва,moscow,EVENT,TC,180000,true,"ул. Хамовнический Вал, д. 34",2026-02-19T11:24:11.539Z,2026-02-12T16:30:21.031Z
b03fe49e-98de-4987-9504-a80582aef9d8,696fa253da46220ca001418b,ГАРРИ ПОТТЕР - интерактивный спектакль,garri-potter-interaktivnyj-spektakl,Москва,moscow,EVENT,TC,180000,true,"пр-т Мира, 119 стр.11",2026-02-19T11:24:11.478Z,2026-02-12T16:30:20.974Z
6eb7b97d-800b-4d3f-affb-3f9bdf99fe88,696fa8ad7477c1353701425c,ОТКРЫТИЕ РЕСТОРАНА ПОШЛО НЕ ТАК - шоу спектакль,otkrytie-restorana-poshlo-ne-tak-shou-spektakl,Москва,moscow,EVENT,TC,270000,true,"пр-т Мира, 119 стр.11",2026-02-19T11:24:11.391Z,2026-02-12T16:30:20.902Z
09556ee9-d088-47d5-ba88-22056e43b4db,697119d5749d495a89af35e4,Повелители дождя - танцевальное шоу с дождем,poveliteli-dozhdya-tantsevalnoe-shou-s-dozhdem-89af35e4,Курган,kurgan,EVENT,TC,160000,true,"площадь Слосмана, 5",2026-02-19T11:24:11.356Z,2026-02-12T16:30:20.857Z
87826fcd-7c15-4f4b-9a79-38962f3a4dcd,69712531f24a73e074af35e4,Повелители дождя - танцевальное шоу с дождем,poveliteli-dozhdya-tantsevalnoe-shou-s-dozhdem-74af35e4,Димитровград,dimitrovgrad,EVENT,TC,160000,true,"просп. Димитрова, 12, Димитровград",2026-02-19T11:24:11.317Z,2026-02-12T16:30:20.807Z
6b3be7c8-b0a7-4841-bb48-ac66d1b50dd0,69713041622cf848adaf35e3,Повелители дождя - танцевальное шоу с дождем,poveliteli-dozhdya-tantsevalnoe-shou-s-dozhdem,Рязань,ryazan,EVENT,TC,160000,true,"пл. 50-летия Октября, д. 1",2026-02-19T11:24:11.277Z,2026-02-12T16:30:20.759Z
d69447bd-629f-463b-96bf-8cfc8089668b,698a0246cf9078a4789344c7,Повелители дождя - танцевальное шоу,poveliteli-dozhdya-tantsevalnoe-shou-789344c7,Самара,samara,EVENT,TC,150000,true,ул.Льва Толстого 94,2026-02-19T11:24:11.234Z,2026-02-12T16:30:20.702Z
1d7031ad-9011-4af8-a833-2792b0b07974,698a1529344624c468934734,Повелители дождя - танцевальное шоу,poveliteli-dozhdya-tantsevalnoe-shou,Калининград,kaliningrad,EVENT,TC,180000,true,"ул. Железнодорожная, 2",2026-02-19T11:24:11.186Z,2026-02-12T16:30:20.637Z
fea7abf3-f4cb-4503-9fa4-613973640edb,6990c7fb19236cf67d0b29f1,Повелители дождя - танцевальное шоу с дождем,poveliteli-dozhdya-tantsevalnoe-shou-s-dozhdem-7d0b29f1,Воронеж,voronezh,EVENT,TC,180000,true,"Никитинская ул., 1",2026-02-19T11:24:11.149Z,2026-02-19T10:47:54.288Z
eb479e7a-60f6-45ef-866d-7826dc10bda0,697c4f2cd0ac7e46f2c8fa57,JAZZ&WINE: ДЕГУСТАЦИЯ И ДЖАЗ,jazz-wine-degustatsiya-i-dzhaz,Новосибирск,novosibirsk,EVENT,TC,260000,true,"Красный проспект, 50",2026-02-19T11:24:11.071Z,2026-02-12T16:30:20.546Z
f40ea741-b95b-413b-a8ca-191027bf1b2d,tep-1340,"Прогулка по реке Волге с просмотром Салюта на День победы 9 мая с Дискотекой на теплоходах «Москва-29», «Дельфин»",progulka-po-reke-volge-s-prosmotrom-salyuta-na-den-pobedy-9-maya-s-diskotekoj-na,Казань,kazan,EXCURSION,TEPLOHOD,250000,false,"ул. Девятаева, 1, Казань, Респ. Татарстан, Россия, 420108",2026-02-16T20:27:23.487Z,2026-02-13T14:48:07.573Z
b00cf2bf-097e-44b0-9a83-daeca66ef84b,tep-1336,"День влюбленных на электроходе ""Стрельна""",den-vlyublennyh-na-elektrohode-strelna,Москва,moscow,EVENT,TEPLOHOD,110000,false,"Москворецкая наб., 1/15, Москва, Россия, 109240",2026-02-16T20:27:23.346Z,2026-02-10T19:04:52.896Z
0ba1d210-969d-4b4b-b008-19aafe5d40ad,tep-1333,"Вечерняя прогулка на электроходе ""Стрельна"" от причала Китай-город",vechernyaya-progulka-na-elektrohode-strelna-ot-prichala-kitaj-gorod,Москва,moscow,EVENT,TEPLOHOD,90000,false,"Москворецкая наб., 1/15, Москва, Россия, 109240",2026-02-16T20:27:23.076Z,2026-02-10T19:04:52.826Z
b90a9a0e-f1c4-4229-88a1-b9f6993abe2b,tep-1332,"Круговая прогулка на электроходе ""Стрельна""",krugovaya-progulka-na-elektrohode-strelna,Москва,moscow,EVENT,TEPLOHOD,90000,false,"Москворецкая наб., 1/15, Москва, Россия, 109240",2026-02-16T20:27:22.876Z,2026-02-10T19:04:52.755Z
c46428ec-d2ef-40b9-91b3-abd864e5d7b1,tep-1326,"Концерт "" Наше любимое кино""",kontsert-nashe-lyubimoe-kino,Москва,moscow,EVENT,TEPLOHOD,400000,false,"Краснопресненская наб., 14, Москва, Россия, 123100",2026-02-16T20:27:22.639Z,2026-02-10T19:04:52.697Z
d2870933-8a6b-42d6-acc2-a0b7ddec7f10,tep-1325,"Концерт ""Золотые Хиты 80-90-х""",kontsert-zolotye-hity-80-90-h,Москва,moscow,EVENT,TEPLOHOD,400000,false,"Краснопресненская наб., 14, Москва, Россия, 123100",2026-02-16T20:27:22.560Z,2026-02-10T19:04:52.641Z
2d22349a-ae32-4322-9693-26462da6a0b0,tep-1323,Джаз на корабле,dzhaz-na-korable,Москва,moscow,EVENT,TEPLOHOD,400000,false,"Краснопресненская наб., 14, Москва, Россия, 123100",2026-02-16T20:27:22.416Z,2026-02-10T19:04:52.573Z
5bec8bd4-a036-4585-a90c-26b37ad98ed9,tep-1314,Вечерняя речная прогулка с дегустацией вина,vechernyaya-rechnaya-progulka-s-degustatsiej-vina,Москва,moscow,EXCURSION,TEPLOHOD,110000,false,"Москворецкая наб., 1/15, Москва, Россия, 109240",2026-02-16T20:27:22.241Z,2026-02-10T19:04:52.503Z
0e4b7d89-80cf-4721-9175-caece19bf0a8,tep-1312,"Зимняя прогулка на электроходе ""Стрельна"" от причала ""Киевский""",zimnyaya-progulka-na-elektrohode-strelna-ot-prichala-kievskij,Москва,moscow,EVENT,TEPLOHOD,90000,false,"Причал Киевский вокзал, пл. Европы, Москва, Россия, 121059",2026-02-16T20:27:22.073Z,2026-02-10T19:04:52.431Z
6b2e1388-ffd3-41d6-8b74-eaffacaf1b6e,tep-1305,Экскурсия в усадьбу Кописки на сыроварню с дегустацией. Богдарня.,ekskursiya-v-usadbu-kopiski-na-syrovarnyu-s-degustatsiej-bogdarnya,Владимир,vladimir,EXCURSION,TEPLOHOD,630000,false,,2026-02-16T20:27:22.023Z,2026-02-10T19:04:52.409Z
05119466-9fc1-4b87-9c77-cf1fcde197a0,tep-1300,Трехчасовая вечерняя экскурсия на автобусе по Москве с посещением трех самых красивых смотровых площадок,trehchasovaya-vechernyaya-ekskursiya-na-avtobuse-po-moskve-s-poseshcheniem-treh-,Москва,moscow,EVENT,TEPLOHOD,140000,false,,2026-02-16T20:27:21.788Z,2026-02-10T19:04:52.387Z
69d9b597-25ab-473e-a250-a42959824c6d,tep-1291,"Премиум выпускной на теплоходе Ривьера 24, 25 и 26 июня 2026 в 13.00",premium-vypusknoj-na-teplohode-rivera-24-25-i-26-iyunya-2026-v-13-00,Москва,moscow,EXCURSION,TEPLOHOD,650000,false,"Андропова пр-т, 11, Москва, Россия, 115432",2026-02-16T20:27:21.703Z,2026-02-10T19:04:52.345Z
548fb46b-4fbc-4d8b-984c-dd0ad1c2a463,tep-1290,"Премиум выпускной на теплоходе Ривьера 24, 25 и 26 июня 2026 в 18.00",premium-vypusknoj-na-teplohode-rivera-24-25-i-26-iyunya-2026-v-18-00,Москва,moscow,EXCURSION,TEPLOHOD,799000,false,"Андропова пр-т, 11, Москва, Россия, 115432",2026-02-16T20:27:21.621Z,2026-02-10T19:04:52.302Z
10f881f8-1833-48ec-9dac-6e8391e88d6f,tep-1289,Выпускной вечер 2026 «Муз-экспресс» с ужином и диджеем на борту,vypusknoj-vecher-2026-muz-ekspress-s-uzhinom-i-didzheem-na-bortu,Москва,moscow,EXCURSION,TEPLOHOD,149000,false,"Москворецкая наб., 1/15, Москва, Россия, 109240",2026-02-16T20:27:21.499Z,2026-02-10T19:04:52.234Z
950c0923-b256-42b6-af62-9b4048f7576c,tep-1288,Последний звонок 2026 «Муз-экспресс» с ужином и диджеем на борту,poslednij-zvonok-2026-muz-ekspress-s-uzhinom-i-didzheem-na-bortu,Москва,moscow,EXCURSION,TEPLOHOD,149000,false,"Москворецкая наб., 1/15, Москва, Россия, 109240",2026-02-16T20:27:21.382Z,2026-02-10T19:04:52.165Z
fca2d5c4-9c57-4466-9ea8-ee62006f39ba,tep-1279,Premium Выпускной на теплоходе 2026 Легенда,premium-vypusknoj-na-teplohode-2026-legenda,Москва,moscow,EVENT,TEPLOHOD,599000,false,"ул. Крымский мост, Москва, Россия, 119034",2026-02-16T20:27:21.256Z,2026-02-10T19:04:52.087Z
19bab8c7-152c-4c53-8735-44a62f97baed,tep-1273,Индивидуальная аренда большой яхты Sunseeker Pallada 70,individualnaya-arenda-bolshoj-yahty-sunseeker-pallada-70,Санкт-Петербург,saint-petersburg,EXCURSION,TEPLOHOD,7000000,false,"Южная дор., 4, Санкт-Петербург, Россия, 197110",2026-02-16T20:27:21.073Z,2026-02-13T09:01:17.560Z
fc8b2631-7962-4494-bb1d-8886f21fc6e1,tep-1272,Индивидуальная аренда яхты Princess Nord Star до 12 персон,individualnaya-arenda-yahty-princess-nord-star-do-12-person,Санкт-Петербург,saint-petersburg,EXCURSION,TEPLOHOD,6000000,false,"Южная дор., 4, Санкт-Петербург, Россия, 197110",2026-02-16T20:27:20.941Z,2026-02-13T09:01:17.460Z
170d272c-adf6-4c9a-9ab8-a9d5b087f163,tep-1271,Индивидуальная аренда катера до 11  персон,individualnaya-arenda-katera-do-11-person,Санкт-Петербург,saint-petersburg,EXCURSION,TEPLOHOD,1200000,false,"Южная дор., 4, Санкт-Петербург, Россия, 197110",2026-02-16T20:27:20.791Z,2026-02-13T09:01:17.382Z
a5d59a1b-6ec0-416f-bb7d-ae1bbea00699,tep-1268,Индивидуальная аренда яхты до 12 персон,individualnaya-arenda-yahty-do-12-person,Санкт-Петербург,saint-petersburg,EXCURSION,TEPLOHOD,5000000,false,"Южная дор., 4, Санкт-Петербург, Россия, 197110",2026-02-16T20:27:20.544Z,2026-02-13T09:01:17.300Z
1c342f5c-9382-4e1f-a4a2-254d899e8ddc,tep-1210,Экскурсия на двухэтажном автобусе г. Казань,ekskursiya-na-dvuhetazhnom-avtobuse-g-kazan,Казань,kazan,EXCURSION,TEPLOHOD,70000,false,,2026-02-16T20:27:20.359Z,2026-02-10T19:04:52.067Z
10c20791-1bbd-447d-867a-688bef688336,tep-1207,Музыкальный круиз по Петербургу под закат,muzykalnyj-kruiz-po-peterburgu-pod-zakat,Санкт-Петербург,saint-petersburg,EXCURSION,TEPLOHOD,109000,false,"Университетская наб., 13, Санкт-Петербург, Россия, 199034",2026-02-16T20:27:20.185Z,2026-02-16T20:27:20.188Z
c314bd10-93dc-4a6b-81ac-87ef4c3cdda5,tep-1206,Круиз на парусной яхте по Финскому заливу,kruiz-na-parusnoj-yahte-po-finskomu-zalivu,Санкт-Петербург,saint-petersburg,EXCURSION,TEPLOHOD,339000,false,"наб. Мартынова, 92, Санкт-Петербург, Россия, 197110",2026-02-16T20:27:19.986Z,2026-02-16T20:27:19.991Z
adbc6976-0081-41e8-ad3f-2c65fc2827ec,tep-1199,"Катание на танке по подмосквовью, стрельба из оружия и посещение музея оружия с экскурсоводом.",katanie-na-tanke-po-podmoskvovyu-strelba-iz-oruzhiya-i-poseshchenie-muzeya-oruzh,Москва,moscow,EXCURSION,TEPLOHOD,1930000,false,,2026-02-16T20:27:19.934Z,2026-02-10T19:04:52.047Z
1b12b600-81dd-4034-8c23-05ca0071126c,tep-1134,"Концерт на корабле «Хиты Италии""",kontsert-na-korable-hity-italii,Москва,moscow,EVENT,TEPLOHOD,300000,false,"Краснопресненская наб., 14, Москва, Россия, 123100",2026-02-16T20:27:19.859Z,2026-02-10T19:04:51.991Z
9edb580f-3362-4597-8c0a-879321a72e70,tep-1130,"ЭКСКУРСИЯ НА ДВУХЭТАЖНОМ АВТОБУСЕ ПО СИСТЕМЕ ""HOP ON - HOP OFF"" Г. ЯРОСЛАВЛЬ",ekskursiya-na-dvuhetazhnom-avtobuse-po-sisteme-hop-on-hop-off-g-yaroslavl,Ярославль,yaroslavl,EXCURSION,TEPLOHOD,50000,false,,2026-02-16T20:27:19.668Z,2026-02-10T19:04:51.970Z
7a97d9a7-375b-4757-98f2-691330bdfb96,tep-1070,Речная прогулка на уникальном теплоходе «РИО-1» 9 мая — грандиозный круиз с салютом,rechnaya-progulka-na-unikalnom-teplohode-rio-1-9-maya-grandioznyj-kruiz-s-salyut,Москва,moscow,EVENT,TEPLOHOD,149000,false,"Северный Речной Вокзал, Москва, Россия",2026-02-16T20:27:19.567Z,2026-02-10T19:04:51.915Z
09c778ac-6e01-4e25-9515-c8669d219588,tep-1069,Речная прогулка с ужином на теплоходе «Ривьера» 9 мая — праздничный круиз с салютом,rechnaya-progulka-s-uzhinom-na-teplohode-rivera-9-maya-prazdnichnyj-kruiz-s-saly,Москва,moscow,EXCURSION,TEPLOHOD,220000,false,"Северный причал, ул. Лужники, Москва, Россия, 119270",2026-02-16T20:27:19.438Z,2026-02-10T19:04:51.859Z
31224246-d6ff-4025-baa7-b4fc166835ef,tep-1042,Выпускной на теплоходе Ривьера 28.06.26 19:00,vypusknoj-na-teplohode-rivera-28-06-26-19-00,Москва,moscow,EVENT,TEPLOHOD,890000,false,"Андропова пр-т, 11, Москва, Россия, 115432",2026-02-16T20:27:19.338Z,2026-02-10T19:04:51.792Z
1d90fd7a-fadd-44dd-a776-92f2ece80957,tep-1040,Выпускной на теплоходе Ривьера 28.06.26 13:00,vypusknoj-na-teplohode-rivera-28-06-26-13-00,Москва,moscow,EVENT,TEPLOHOD,790000,false,"Андропова пр-т, 11, Москва, Россия, 115432",2026-02-16T20:27:19.246Z,2026-02-10T19:04:51.737Z
9c3ad8db-a315-4f77-85e0-39f40b923a5c,tep-1020,"Новогодняя дискотека на теплоходе ""Императрица""",novogodnyaya-diskoteka-na-teplohode-imperatritsa,Москва,moscow,EXCURSION,TEPLOHOD,149000,false,"Москворецкая наб., 1/15, Москва, Россия, 109240",2026-02-16T20:27:19.115Z,2026-02-10T19:04:51.682Z
e8da9bca-a3d5-4d1e-9f02-bfaa2a0486b1,tep-1019,"Новогодние праздники на теплоходе ""Императрица""",novogodnie-prazdniki-na-teplohode-imperatritsa,Москва,moscow,EXCURSION,TEPLOHOD,79000,false,"Москворецкая наб., 1/15, Москва, Россия, 109240",2026-02-16T20:27:18.967Z,2026-02-10T19:04:51.639Z
563191f7-3416-48ca-8cec-c672bc1f2a39,tep-1010,Ночной выпускной на теплоходе Ривьера 2026,nochnoj-vypusknoj-na-teplohode-rivera-2026,Москва,moscow,EVENT,TEPLOHOD,890000,false,"Андропова пр-т, 11, Москва, Россия, 115432",2026-02-16T20:27:18.858Z,2026-02-10T19:04:51.586Z
e61993c7-2d76-474e-8ec4-e222f23ea6a6,tep-870,Водная прогулка по Неве с подходом к Финскому заливу на двухпалубных теплоходах «МИРАЖ» и «Москва 64»,vodnaya-progulka-po-neve-s-podhodom-k-finskomu-zalivu-na-dvuhpalubnyh-teplohodah,Санкт-Петербург,saint-petersburg,EXCURSION,TEPLOHOD,39000,false,"Адмиралтейская наб., 10, Санкт-Петербург, Россия, 190000",2026-02-16T20:27:18.763Z,2026-02-13T09:01:16.386Z
03bfbfc1-730c-4285-bde8-d85cd2607d52,tep-809,"Последний звонок 2026 на теплоходе ""Легенда"" ужином и дискотекой",poslednij-zvonok-2026-na-teplohode-legenda-uzhinom-i-diskotekoj,Москва,moscow,EVENT,TEPLOHOD,279000,false,"ул. Крымский мост, Москва, Россия, 119034",2026-02-16T20:27:18.640Z,2026-02-10T19:04:51.508Z
40a58dc8-8446-41f2-8fe9-c5411a0d0cbe,tep-783,"ЭКСКУРСИЯ НА ДВУХЭТАЖНОМ АВТОБУСЕ ПО СИСТЕМЕ ""HOP ON - HOP OFF"" Г. НИЖНИЙ НОВГОРОД",ekskursiya-na-dvuhetazhnom-avtobuse-po-sisteme-hop-on-hop-off-g-nizhnij-novgorod,Нижний Новгород,nizhny-novgorod,EXCURSION,TEPLOHOD,70000,false,,2026-02-16T20:27:18.516Z,2026-02-10T19:04:51.488Z
0272cefd-bf82-454b-b37d-6ba79e38158c,tep-778,Новогодняя экскурсия 2026 на автобусе от Красной Площади,novogodnyaya-ekskursiya-2026-na-avtobuse-ot-krasnoj-ploshchadi,Москва,moscow,EXCURSION,TEPLOHOD,150000,false,,2026-02-16T20:27:18.408Z,2026-02-10T19:04:51.467Z
3de305d8-12e5-469f-95f3-3c698892eb97,tep-769,"ЭКСКУРСИЯ НА ДВУХЭТАЖНОМ АВТОБУСЕ ПО СИСТЕМЕ ""HOP ON - HOP OFF"" Г. САНКТ-ПЕТЕРБУРГ",ekskursiya-na-dvuhetazhnom-avtobuse-po-sisteme-hop-on-hop-off-g-sankt-peterburg,Санкт-Петербург,saint-petersburg,EXCURSION,TEPLOHOD,70000,false,,2026-02-16T20:27:18.251Z,2026-02-10T19:04:51.446Z
9d6f0e86-f867-4a36-92c0-0f1928138e7f,tep-738,"Вечерняя обзорная экскурсия ""Огни столицы""",vechernyaya-obzornaya-ekskursiya-ogni-stolitsy,Москва,moscow,EXCURSION,TEPLOHOD,140000,false,,2026-02-16T20:27:18.168Z,2026-02-10T19:04:51.426Z
eace9f11-3150-4e98-851e-e646e5676112,tep-661,Обзорная экскурсия по Москве на автобусе от Красной Площади,obzornaya-ekskursiya-po-moskve-na-avtobuse-ot-krasnoj-ploshchadi,Москва,moscow,EXCURSION,TEPLOHOD,130000,false,,2026-02-16T20:27:18.018Z,2026-02-10T19:04:51.406Z
b8dd262e-cde2-40ad-af52-11e0253639b4,tep-653,"Экскурсия на двухэтажном автобусе по системе ""Hop on - hop off""  г. Москва",ekskursiya-na-dvuhetazhnom-avtobuse-po-sisteme-hop-on-hop-off-g-moskva,Москва,moscow,EXCURSION,TEPLOHOD,80000,false,,2026-02-16T20:27:17.820Z,2026-02-10T19:04:51.385Z
bc102373-2f90-454c-8a72-e605076fe4fd,tep-652,"Премиум выпускной на теплоходе ""Александрия""",premium-vypusknoj-na-teplohode-aleksandriya,Москва,moscow,EXCURSION,TEPLOHOD,700000,false,"Москва, Россия, 125195",2026-02-16T20:27:17.701Z,2026-02-10T19:04:51.295Z
b88395ac-69a1-4100-baeb-feb3ebdf02d5,tep-644,Выпускной на теплоходе Ривьера 27.06.26 12:00,vypusknoj-na-teplohode-rivera-27-06-26-12-00,Москва,moscow,EVENT,TEPLOHOD,690000,false,"Андропова пр-т, 11, Москва, Россия, 115432",2026-02-16T20:27:17.615Z,2026-02-10T19:04:51.242Z
857b8c9b-1aa1-4855-9510-8b2dc114b7ca,tep-640,Premium Последний звонок 2026 на теплоходе Легенда,premium-poslednij-zvonok-2026-na-teplohode-legenda,Москва,moscow,EVENT,TEPLOHOD,529000,false,"ул. Крымский мост, Москва, Россия, 119034",2026-02-16T20:27:17.498Z,2026-02-10T19:04:51.168Z
9bba1476-43cf-4029-a6cd-449d597b1ca0,tep-637,"Выпускной 2026 на теплоходе ""Легенда"" ужином и дискотекой",vypusknoj-2026-na-teplohode-legenda-uzhinom-i-diskotekoj,Москва,moscow,EVENT,TEPLOHOD,279000,false,"ул. Крымский мост, Москва, Россия, 119034",2026-02-16T20:27:17.374Z,2026-02-10T19:04:51.097Z
d732ba66-1b3b-43dc-a908-458b4c251b7b,tep-605,Речная прогулка на премиум-теплоходе Легенда с ужином и саксофоном на борту,rechnaya-progulka-na-premium-teplohode-legenda-s-uzhinom-i-saksofonom-na-bortu,Москва,moscow,EXCURSION,TEPLOHOD,1000,true,"ул. Крымский мост, Москва, Россия, 119034",2026-02-16T20:27:17.195Z,2026-02-10T19:04:51.023Z
ef43b2d7-d395-487e-a034-132c883a5552,tep-531,Вечеринка в ночной Неве с DJ-сетом,vecherinka-v-nochnoj-neve-s-dj-setom,Санкт-Петербург,saint-petersburg,EXCURSION,TEPLOHOD,289000,false,"Университетская наб., 13, Санкт-Петербург, Россия, 199034",2026-02-16T20:27:17.019Z,2026-02-16T20:27:17.022Z
3c9a4d84-b87d-4e52-8eb2-5cb8a1d5f202,tep-530,Экскурсия под развод мостов на 1-палубном теплоходе,ekskursiya-pod-razvod-mostov-na-1-palubnom-teplohode,Санкт-Петербург,saint-petersburg,EXCURSION,TEPLOHOD,199000,false,"набережная реки Фонтанки, 15, Санкт-Петербург, Россия, 191023",2026-02-16T20:27:16.867Z,2026-02-16T20:27:16.870Z
dac870b9-b9e0-4bd6-959e-26c35d935df3,tep-529,Экскурсия под развод мостов на 2-палубном теплоходе,ekskursiya-pod-razvod-mostov-na-2-palubnom-teplohode,Санкт-Петербург,saint-petersburg,EXCURSION,TEPLOHOD,169000,false,"Дворцовая наб., 18, Санкт-Петербург, Россия, 191186",2026-02-16T20:27:16.711Z,2026-02-16T20:27:16.714Z
4e1538c8-84be-453b-a857-0049791ac7ed,tep-496,"Речная прогулка с просмотром салюта 9 Мая на теплоходе Легенда с ужином, живой музыкой и дискотекой на борту",rechnaya-progulka-s-prosmotrom-salyuta-9-maya-na-teplohode-legenda-s-uzhinom-zhi,Москва,moscow,EVENT,TEPLOHOD,29900,false,"ул. Крымский мост, Москва, Россия, 119034",2026-02-16T20:27:16.588Z,2026-02-10T19:04:50.960Z
7055a6a6-1361-4436-8a50-2113d3bb8ff1,tep-491,Речная прогулка «Московская Гранд прогулка» с музыкальной программой и ужином,rechnaya-progulka-moskovskaya-grand-progulka-s-muzykalnoj-programmoj-i-uzhinom,Москва,moscow,EXCURSION,TEPLOHOD,1000,false,"ул. Крымский мост, Москва, Россия, 119034",2026-02-16T20:27:16.423Z,2026-02-10T19:04:50.895Z
65aba036-e9db-4bbe-8e57-aae4b8bd7205,tep-370,СМОТРОВАЯ ПЛОЩАДКА «ВЫШЕ ТОЛЬКО ЛЮБОВЬ». 92 ЭТАЖ. БАШНЯ ОКО. МОСКВА-СИТИ,smotrovaya-ploshchadka-vyshe-tolko-lyubov-92-etazh-bashnya-oko-moskva-siti,Москва,moscow,EVENT,TEPLOHOD,30000,false,,2026-02-16T20:27:15.964Z,2026-02-10T19:04:50.864Z
3d432bbf-75b0-48eb-8264-6167dabd8cd2,tep-346,Круиз «Подмосковная сказка в Заозерье» (6+),kruiz-podmoskovnaya-skazka-v-zaozere-6,Москва,moscow,EXCURSION,TEPLOHOD,199000,false,"Кленовый б-р, Москва, Россия",2026-02-16T20:27:15.850Z,2026-02-10T19:04:50.803Z
2d76ded6-149c-4c2a-8b71-0564ec89bd12,tep-282,"Речная прогулка на панорамном теплоходе ""Ривер Палас"" по центру Москвы с обедом или ужином",rechnaya-progulka-na-panoramnom-teplohode-river-palas-po-tsentru-moskvy-s-obedom,Москва,moscow,EXCURSION,TEPLOHOD,63000,false,"Краснопресненская наб., 14, Москва, Россия, 123100",2026-02-16T20:27:15.710Z,2026-02-10T19:04:50.723Z
2795c5ab-5d09-44f4-a42b-73aed811632c,tep-176,"ПОСЛЕДНИЙ ЗВОНОК И ВЫПУСКНОЙ  2026  С ДИСКОТЕКОЙ , ЖИВОЙ МУЗЫКОЙ , ПРОФИ- ВЕДУЩИМ   И  С ФУРШЕТОМ",poslednij-zvonok-i-vypusknoj-2026-s-diskotekoj-zhivoj-muzykoj-profi-vedushchim-i,Москва,moscow,EXCURSION,TEPLOHOD,450000,false,"ул. Крымский мост, Москва, Россия, 119034",2026-02-16T20:27:15.596Z,2026-02-10T19:04:50.655Z
53226fce-e0e3-4301-864d-41c43e4af1c1,tep-166,Просмотр салюта 9 мая с борта теплохода от Кремля,prosmotr-salyuta-9-maya-s-borta-teplohoda-ot-kremlya,Москва,moscow,EVENT,TEPLOHOD,29900,false,"Москворецкая наб., 1/15, Москва, Россия, 109240",2026-02-16T20:27:15.481Z,2026-02-10T19:04:50.610Z
df8953f4-6b07-4a09-8059-f2397391b172,tep-124,Речная прогулка и салют на теплоходе Вдохновение 9 мая 2026,rechnaya-progulka-i-salyut-na-teplohode-vdohnovenie-9-maya-2026,Москва,moscow,EVENT,TEPLOHOD,229000,false,"Причал Киевский вокзал, пл. Европы, Москва, Россия, 121059",2026-02-16T20:27:15.395Z,2026-02-10T19:04:50.589Z
3fc80019-0136-4eb3-a1ef-58f30adc2381,tep-110,Речная прогулка и салют Победы 9 мая 2026 года с ужином и DJ на борту теплохода Прага,rechnaya-progulka-i-salyut-pobedy-9-maya-2026-goda-s-uzhinom-i-dj-na-bortu-teplo,Москва,moscow,EXCURSION,TEPLOHOD,29900,false,"Москворецкая наб., 1/15, Москва, Россия, 109240",2026-02-16T20:27:15.270Z,2026-02-10T19:04:50.521Z
1ddb507c-5e9d-4249-9a4e-8759fca8a428,tep-14,Выпускной вечер на комфортабельном теплоходе Прага с банкетом,vypusknoj-vecher-na-komfortabelnom-teplohode-praga-s-banketom,Москва,moscow,EVENT,TEPLOHOD,549000,false,"ул. Крымский мост, Москва, Россия, 119034",2026-02-16T20:27:15.139Z,2026-02-10T19:04:50.445Z
2c0a1f35-a619-4fde-bc2c-9eb491b3a1f8,tep-13,Последний звонок на комфортабельном теплоходе Прага с фуршетом,poslednij-zvonok-na-komfortabelnom-teplohode-praga-s-furshetom,Москва,moscow,EVENT,TEPLOHOD,449000,false,"ул. Крымский мост, Москва, Россия, 119034",2026-02-16T20:27:14.970Z,2026-02-10T19:04:50.325Z
73f0199f-01af-494a-90ab-d0f0f46db196,6943fb7d6561fd8cc2c05fbe,Музыка КИНОшедевров в сиянии тысячи свечей,muzyka-kinoshedevrov-v-siyanii-tysyachi-svechej-c2c05fbe,Салават,salavat,EVENT,TC,139000,true,"ул. Гагарина, 2А",2026-02-14T18:30:47.310Z,2026-02-10T18:24:00.076Z
fd611400-ebbd-488b-adc1-5f0a6273709f,698a4076a31e4db31f1a2638,Mainstream jazz guitar. Pavel Ershov,mainstream-jazz-guitar-pavel-ershov,Москва,moscow,EVENT,TC,50000,true,"Лялин переулок, д. 7/2, c.1",2026-02-14T18:30:45.646Z,2026-02-10T18:23:59.203Z
b0020b5c-cec2-4dc2-8323-9ff2feeb06a7,68f8d0963efc723e2974fe1d,J.Seven Israel «Шедевры романтической саксофонной музыки»,j-seven-israel-shedevry-romanticheskoj-saksofonnoj-muzyki-2974fe1d,Челябинск,chelyabinsk,EVENT,TC,80000,true,ул.Труда 179,2026-02-14T18:30:44.593Z,2026-02-10T18:23:56.502Z
185fcc7e-385b-4c94-be02-ed20faa02962,68fa186ebf50de1db00d663e,J.Seven Israel «Шедевры романтической саксофонной музыки»,j-seven-israel-shedevry-romanticheskoj-saksofonnoj-muzyki-b00d663e,Омск,omsk,EVENT,TC,100000,true,"Карла Маркса просп., 18",2026-02-14T18:30:44.338Z,2026-02-10T18:23:58.744Z
3db05158-6472-45dc-9de5-ff222ac89708,69136a6df6770faf7ad50453,"15 февраля, «Волшебный мир Disney»: музыка из мультфильмов, эстрадный оркестр, поет Анна Бутурлина",15-fevralya-volshebnyj-mir-disney-muzyka-iz-multfilmov-estradnyj-orkestr-poet-an,Дубна (Московская область),dubna-moskovskaya-oblast,EVENT,TC,100000,true,"Космонавтов пл, д.1",2026-02-14T18:30:39.201Z,2026-02-10T18:23:56.299Z
d30e47a5-86c4-42a7-a4fd-73a20e9eb472,6968c7fa7cbeb9527d09843c,«Красотка и семья»,krasotka-i-semya,Санкт-Петербург,saint-petersburg,EVENT,TC,90000,true,народная 4а,2026-02-14T18:30:33.517Z,2026-02-10T18:23:56.557Z
37e38cfa-bb25-4bd8-8725-bb9a349df5f5,6978a49fc511b5fcd87e186a,ИМПРОВСТЕНДАП,improvstendap,Казань,kazan,EVENT,TC,50000,true,"Баумана, 44/8",2026-02-14T18:30:32.932Z,2026-02-10T18:23:59.121Z
a15fbf5e-7e65-4c45-8414-819ba2848444,6979fc216cb4c40e03f0ea8d,Stand Up: Про отношения,stand-up-pro-otnosheniya,Казань,kazan,EVENT,TC,100000,true,"ул.Чистопольская, 3Б",2026-02-14T18:30:32.909Z,2026-02-10T18:23:54.730Z
944684c5-cf6f-4f26-9c1c-68826c963a36,6911a98df5c41314b08a6897,Комбинированная экскурсия (парадные и смотровая),kombinirovannaya-ekskursiya-paradnye-i-smotrovaya,Санкт-Петербург,saint-petersburg,EXCURSION,TC,150000,true,Большая Московская ул.1,2026-02-14T18:30:31.977Z,2026-02-10T18:23:50.004Z
12fd4f91-7c73-40f2-b3c4-a3c20174b57f,691aef955864962ca3ab8b18,по дворам и парадным со скидкой 50%,po-dvoram-i-paradnym-so-skidkoj-50,Санкт-Петербург,saint-petersburg,EVENT,TC,60000,true,"Большая московская улица, 1-3",2026-02-14T18:30:31.789Z,2026-02-10T18:23:50.321Z
8256ad83-1479-47c6-b59e-523dd6777183,694d54535df42f3b44bf0ee5,"Комедия для всей семьи ""В поисках Золушки"". Премьера!",komediya-dlya-vsej-semi-v-poiskah-zolushki-premera,Санкт-Петербург,saint-petersburg,EVENT,TC,70000,true,"Литейный пр, 14",2026-02-14T18:30:24.126Z,2026-02-10T18:23:55.923Z
65eeef0f-f28b-4508-86af-12ad6f04de90,6979f45edd8011cd052694af,ВОЗДУШНЫЙ ПОЦЕЛУЙ,vozdushnyj-potseluj,Москва,moscow,EVENT,TC,200000,true,"ул. Орджоникидзе, 1",2026-02-14T18:30:23.983Z,2026-02-10T18:24:00.484Z
5070a809-5141-45a0-beb2-9bdfe05e1bb8,69839699ba9c2083f14d122b,Спектакль «При свете луны…»,spektakl-pri-svete-luny,Москва,moscow,EVENT,TC,350000,true,"пр-т Мира, 119 стр.11",2026-02-14T18:30:23.962Z,2026-02-10T18:24:20.153Z
b342b8f1-0b19-417a-a8a8-12ecbd8d9550,69527329c2026f314b4ed00a,Музыка КИНОшедевров в сиянии тысячи свечей,muzyka-kinoshedevrov-v-siyanii-tysyachi-svechej,Ижевск,izhevsk,EVENT,TC,,true,"К. Маркса, 246",2026-02-14T16:30:47.674Z,2026-02-10T18:23:55.122Z
00f876fe-462e-4035-90b0-207514da4364,68f8c90f150f8041b767b729,J.Seven Israel «Шедевры романтической саксофонной музыки»,j-seven-israel-shedevry-romanticheskoj-saksofonnoj-muzyki-b767b729,Курган,kurgan,EVENT,TC,100000,true,"ул. Пичугина, 6, 13 этаж",2026-02-14T16:30:46.376Z,2026-02-10T18:23:55.096Z
d3e3b869-0d13-48fb-b0df-3de6cea94094,manual-ermitazh-open-1771084960110,Эрмитаж — входной билет,ermitazh-vhodnoj-bilet,Санкт-Петербург,saint-petersburg,MUSEUM,MANUAL,50000,true,,,2026-02-14T16:02:40.111Z
e53cfcd8-9eee-418c-b704-35fa43b1f3d4,693fca9beef861d0a1e0fc44,Мировые рок-хиты в сиянии тысячи свечей,mirovye-rok-hity-v-siyanii-tysyachi-svechej-a1e0fc44,Долгопрудный,dolgoprudnyj,EVENT,TC,149000,true,"пл. Собина, д. 3",2026-02-13T15:01:02.277Z,2026-02-10T18:23:53.776Z
d91b035a-0f6f-449e-a6e4-f420b66373df,6986082edb1f895d60b54888,Илья Делизонас «Скрипка в джазе»,ilya-delizonas-skripka-v-dzhaze,Москва,moscow,EVENT,TC,100000,true,"Лялин переулок, д. 7/2, c.1",2026-02-13T15:01:00.208Z,2026-02-10T18:23:53.855Z
75a2e2c8-4122-411d-9170-6a21e9616191,698612ea20ed5cb7599025cf,Медсестры Мингуса,medsestry-mingusa,Москва,moscow,EVENT,TC,100000,true,"Лялин переулок, д. 7/2, c.1",2026-02-13T15:01:00.160Z,2026-02-10T18:23:56.913Z
3be2b65a-4b17-43b8-9ba1-b612e963d72f,690ddfa658888360b4e86b04,J.Seven Israel «Шедевры романтической саксофонной музыки»,j-seven-israel-shedevry-romanticheskoj-saksofonnoj-muzyki-b4e86b04,Тюмень,tyumen,EVENT,TC,150000,true,"ул. Герцена, 63",2026-02-13T15:00:57.937Z,2026-02-10T18:23:53.550Z
bb7829c0-979e-4d8c-9e79-27b8aa8849d2,6911a82d508bcc08db212b5b,КОМБО ТУР (дворы+крыши),kombo-tur-dvory-kryshi,Санкт-Петербург,saint-petersburg,EXCURSION,TC,240000,true,Большая Московская ул.1,2026-02-13T15:00:45.311Z,2026-02-10T18:23:49.979Z
77d91570-4765-4725-a579-4e3ef67af9c7,6911ae3bee92b4d8228a6426,Экскурсия Дворики и парадные,ekskursiya-dvoriki-i-paradnye,Санкт-Петербург,saint-petersburg,EXCURSION,TC,75000,true,Метро Владимирская,2026-02-13T15:00:45.178Z,2026-02-10T18:23:54.538Z
695c8ebc-1749-4855-b1c5-bb9bb43d70af,69493a2c78fd5af729ae83f3,Мировые рок-хиты в сиянии тысячи свечей,mirovye-rok-hity-v-siyanii-tysyachi-svechej-29ae83f3,Рязань,ryazan,EVENT,TC,159000,true,"улица Костычева, 1",2026-02-12T16:30:48.547Z,2026-02-10T18:23:52.337Z
a7266123-0afd-4245-99b8-1f31eef42897,68f8c4b7064734a91d2c041b,J.Seven Israel «Шедевры романтической саксофонной музыки»,j-seven-israel-shedevry-romanticheskoj-saksofonnoj-muzyki-1d2c041b,Екатеринбург,ekaterinburg,EVENT,TC,100000,true,Народной воли 65,2026-02-12T16:30:45.498Z,2026-02-10T18:23:52.116Z
8f8c9ab4-7bf3-4ee2-b1a0-f041f5ee9d36,6911756f98d0db2f8621318b,Экскурсия дворы/парадные + коммуналка,ekskursiya-dvory-paradnye-kommunalka,Санкт-Петербург,saint-petersburg,EXCURSION,TC,110000,true,Большая Московская ул.1,2026-02-10T18:23:49.920Z,2026-02-10T18:23:49.928Z
0e3297ea-9915-4cd5-8fd8-07ba56a97ff2,694922d97f8c2e940f6c47b6,Музыка Киношедевров в сиянии тысячи свечей,muzyka-kinoshedevrov-v-siyanii-tysyachi-svechej-0f6c47b6,Нижний Тагил,nizhnij-tagil,EVENT,TC,196900,true,Хохрякова 17,2026-02-10T18:24:16.898Z,2026-02-10T18:24:16.906Z
10cd86da-f64d-4d99-983b-054fd2e42063,6940ed2d30fa8458e2a56f2b,Мировые рок-хиты в сиянии тысячи свечей,mirovye-rok-hity-v-siyanii-tysyachi-svechej,Волгоград,volgograd,EVENT,TC,152900,true,"ул. Набережная 62-ой Армии, д. 4",2026-02-10T18:23:50.978Z,2026-02-10T18:23:50.987Z
123ac131-6a33-4186-a2bf-373df24e53fc,695268f08f5768a672f810df,Гарри Поттер: мир Хогвартса,garri-potter-mir-hogvartsa,Самара,samara,EVENT,TC,163900,true,"Ново-Садовая, 106Г",2026-02-10T18:23:50.837Z,2026-02-10T18:23:50.846Z
02391368-4172-41ec-ac10-286d137507a7,68f8ed4277d8516098d83579,J.Seven Israel «Шедевры романтической саксофонной музыки»,j-seven-israel-shedevry-romanticheskoj-saksofonnoj-muzyki,Пермь,perm,EVENT,TC,110000,true,"ул. Сибирская, 25",2026-02-10T18:23:50.808Z,2026-02-10T18:23:50.816Z
5962a59e-6c44-4c8d-bbac-75fbbc22d9ba,6912f7d8a57cbec23a212b28,Лабиринты Ретроградки,labirinty-retrogradki,Санкт-Петербург,saint-petersburg,EXCURSION,TC,99000,true,Петроградская,2026-02-10T18:23:50.460Z,2026-02-10T18:23:50.468Z
